station_name,region,operator,tlc,entries_exits_total,entries_exits_full,entries_exits_reduced,entries_exits_season,interchanges,rank
London Liverpool Street,London,Network Rail,LST,98015658,35286688,50038262,12690708,6534549,1
London Waterloo,London,Network Rail,WAT,70389546,23538702,35973920,10876924,4464632,2
London Paddington,London,Network Rail,PAD,69897084,18153760,45604450,6138874,3848407,3
Tottenham Court Road,London,London Underground,TCR,68133826,18656278,42310604,7166944,60,4
London Bridge,London,Network Rail,LBG,54685648,17233582,28084008,9368058,6980031,5
London Victoria,London,Network Rail,VIC,53784358,15611522,29692306,8480530,3232110,6
Stratford (London),London,Elizabeth line,SRA,51473518,14805516,29495416,7172586,4873825,7
Farringdon,London,London Underground,ZFD,50171290,19253304,25818328,5099658,9341764,8
Bond Street,London,London Underground,BDS,42752242,12604416,25509428,4638398,11198,9
London Euston,London,Network Rail,EUS,40248974,5155132,32611086,2482756,2432912,10
London St Pancras International,London,Network Rail,STP,38842772,8706410,24340754,5795608,2741892,11
Whitechapel,London,London Underground,ZLW,37140828,10871908,21691906,4577014,13770478,12
Birmingham New Street,West Midlands,Network Rail,BHM,36623678,9647958,19704558,7271162,5641463,13
London Kings Cross,London,Network Rail,KGX,27727108,2200682,23981176,1545250,1552750,14
Manchester Piccadilly,North West,Network Rail,MAN,27401610,5581272,19321368,2498970,2144028,15
Leeds,Yorkshire and The Humber,Network Rail,LDS,27309508,7051004,17166038,3092466,2877961,16
Glasgow Central,Scotland,Network Rail,GLC,25293930,7962152,14653014,2678764,3879568,17
Clapham Junction,London,Network Rail,CLJ,24447510,7816618,12419082,4211810,20404411,18
Highbury and Islington,London,London Underground,HHY,23982528,7151888,14110800,2719840,3233923,19
Edinburgh,Scotland,Network Rail,EDB,22755164,6010362,15941824,802978,1583408,20
Gatwick Airport,South East,Govia Thameslink Railway (Gatwick Express),GTW,21211048,9480506,11258634,471908,1156551,21
East Croydon,London,Govia Thameslink Railway (Southern),ECR,20592106,6584922,10687194,3319990,3709103,22
London Charing Cross,London,Network Rail,CHX,19767784,5425312,11337910,3004562,315874,23
Canada Water,London,London Underground,ZCW,18668762,5720954,10427400,2520408,3719,24
Canary Wharf,London,Elizabeth line,CWX,15927588,5085332,9099738,1742518,145,25
Vauxhall,London,South Western Railway,VXH,15534168,5302680,7384224,2847264,0,26
Ealing Broadway,London,Elizabeth line,EAL,15456598,4507718,8899036,2049844,85703,27
Brighton,South East,Govia Thameslink Railway (Southern),BTN,15328450,3166942,10528348,1633160,1297590,28
London Blackfriars,London,Govia Thameslink Railway (Thameslink),BFR,15193088,5550722,7724618,1917748,2234915,29
Glasgow Queen Street,Scotland,ScotRail,GLQ,14950752,4876534,8944234,1129984,2008872,30
Liverpool Central,North West,Merseyrail,LVC,14820216,3819598,9130830,1869788,1018090,31
Liverpool Lime Street,North West,Network Rail,LIV,14430214,3719084,8890546,1820584,986504,32
Reading,South East,Network Rail,RDG,14324664,3479892,9263712,1581060,4057839,33
Woolwich,London,Elizabeth line,WWC,13755990,3755444,7613578,2386968,0,34
Barking,London,c2c,BKG,13359426,3879828,6913846,2565752,1162662,35
Wimbledon,London,South Western Railway,WIM,13244436,4214946,6831498,2197992,917370,36
Cardiff Central,Wales,TfW Rail,CDF,12513720,6773434,4571086,1169200,1779150,37
Romford,London,Elizabeth line,RMF,12143302,3818468,7017736,1307098,641463,38
Abbey Wood,London,Elizabeth line,ABW,11873686,3782112,6137708,1953866,1879075,39
London Marylebone,London,Chiltern Railways,MYB,11772892,3073274,7148930,1550688,1036405,40
Finsbury Park,London,Govia Thameslink Railway (Great Northern),FPK,11176026,4072916,5847938,1255172,2202802,41
West Ham,London,London Underground,WEH,11065018,3570670,5849420,1644928,5599,42
Ilford,London,Elizabeth line,IFD,10927468,2906020,6365222,1656226,47,43
Bristol Temple Meads,South West,Network Rail,BRI,10877308,2912290,7458690,506328,1644247,44
London Fenchurch Street,London,c2c,FST,10862630,5404074,3655110,1803446,843565,45
Cambridge,East of England,Greater Anglia,CBG,10597572,2798744,6352454,1446374,579281,46
Newcastle,North East,London North Eastern Railway,NCL,10548216,604434,9580790,362992,428980,47
York,Yorkshire and The Humber,London North Eastern Railway,YRK,10464102,540326,9357008,566768,1247676,48
Sheffield,Yorkshire and The Humber,East Midlands Railway,SHF,10315220,1615410,8075052,624758,937768,49
Stansted Airport,East of England,Greater Anglia,SSD,10090904,6681642,3384228,25034,2276,50
Custom House,London,Elizabeth line,CUS,9794628,2602272,5861314,1331042,0,51
Richmond (London),London,South Western Railway,RMD,9515642,2875140,5487884,1152618,1110813,52
Tottenham Hale,London,Greater Anglia,TOM,9256456,3627230,4768296,860930,751212,53
Moorgate,London,London Underground,MOG,8791382,3167286,4795450,828646,380285,54
Hayes and Harlington,London,Elizabeth line,HAY,8450164,2491012,4908378,1050774,187003,55
Seven Sisters,London,London Overground,SVS,8394182,2614984,4768996,1010202,17,56
Manchester Victoria,North West,Northern Trains,MCV,8378502,1706568,5907832,764102,1183890,57
Oxford,South East,Great Western Railway,OXF,8145214,1044754,6448338,652122,539490,58
Nottingham,East Midlands,East Midlands Railway,NOT,8112724,1793270,5887362,432092,557919,59
Heathrow Terminals 2 and 3 (Rail Station Only),London,Heathrow Express,HXX,7938962,2903148,4772414,263400,0,60
Southall,London,Elizabeth line,STL,7669160,2133060,4570508,965592,0,61
City Thameslink,London,Govia Thameslink Railway (Thameslink),CTK,7635634,3949342,2668752,1017540,298478,62
Surbiton,London,South Western Railway,SUR,7589564,2622084,3921760,1045720,635591,63
London Cannon Street,London,Network Rail,CST,7507972,3696786,2320644,1490542,258224,64
Shoreditch High Street,London,London Overground,SDC,7294534,2052134,4687106,555294,383375,65
Birmingham Moor Street,West Midlands,Chiltern Railways,BMO,7148012,2154818,3026684,1966510,448181,66
Willesden Junction,London,London Overground,WIJ,7041954,2216958,3838022,986974,2424898,67
Chelmsford,East of England,Greater Anglia,CHM,7030130,2707378,2608912,1713840,77269,68
Lewisham,London,Southeastern,LEW,7023970,2028308,3321472,1674190,1504910,69
Watford Junction,East of England,West Midlands Trains (London Northwestern Railway),WFJ,6940122,1956278,4424140,559704,381822,70
Shepherd's Bush,London,London Overground,SPB,6931918,2052396,3664142,1215380,10289,71
London Waterloo East,London,Southeastern,WAE,6841002,2048474,3701036,1091492,802753,72
Coventry,West Midlands,Avanti West Coast,COV,6826768,1681198,4091060,1054510,506355,73
St Albans City,East of England,Govia Thameslink Railway (Thameslink),SAC,6668998,2531990,3435140,701868,110208,74
Moorfields,North West,Merseyrail,MRF,6630098,1708768,4084846,836484,851735,75
Woking,South East,South Western Railway,WOK,6522202,2276534,3210504,1035164,1363139,76
Bath Spa,South West,Great Western Railway,BTH,6510506,1126126,5063410,320970,206808,77
Manchester Oxford Road,North West,Northern Trains,MCO,6392614,1302074,4507546,582994,957922,78
Guildford,South East,Network Rail,GLD,6372542,1977142,3508184,887216,891662,79
Bromley South,London,Southeastern,BMS,6193798,1927876,3304502,961420,975612,80
Southampton Central,South East,South Western Railway,SOU,6172960,1294614,4436256,442090,975473,81
Peckham Rye,London,Govia Thameslink Railway (Southern),PMR,6136674,1940530,3275028,921116,1140205,82
Milton Keynes Central,South East,West Midlands Trains (London Northwestern Railway),MKC,6099600,1125274,4369176,605150,240791,83
Old Street,London,London Underground,OLD,6077166,2240136,3288776,548254,0,84
Denmark Hill,London,Govia Thameslink Railway (Thameslink),DMK,6020036,2306090,2659996,1053950,1262055,85
Balham,London,Govia Thameslink Railway (Southern),BAL,5955232,1867414,2812102,1275716,267295,86
Forest Gate,London,Elizabeth line,FOG,5835876,1589272,3296612,949992,0,87
Shenfield,East of England,Greater Anglia,SNF,5814886,2264932,2736378,813576,1070565,88
Dalston Junction,London,London Overground,DLJ,5648732,1576496,3523570,548666,17981,89
Putney,London,South Western Railway,PUT,5645484,1885038,2687190,1073256,0,90
Earlsfield,London,South Western Railway,EAD,5569216,1963712,2615836,989668,0,91
Leicester,East Midlands,East Midlands Railway,LEI,5527136,1045920,4045740,435476,517869,92
Manchester Airport,North West,TransPennine Express,MIA,5518084,974410,4382024,161650,21499,93
Slough,South East,Great Western Railway,SLO,5503680,1626712,3188898,688070,1278291,94
Preston (Lancs),North West,Avanti West Coast,PRE,5356076,435822,4616552,303702,1228102,95
Hackney Central,London,London Overground,HKC,5316954,1432206,3274156,610592,1782085,96
Dalston Kingsland,London,London Overground,DLK,5308786,1278876,3317116,712794,0,97
Peterborough,East of England,London North Eastern Railway,PBO,5299726,697858,4198640,403228,960218,98
Chester,North West,TfW Rail,CTR,5271572,1420480,3624374,226718,834570,99
Wolverhampton,West Midlands,West Midlands Trains (West Midlands Railway),WVH,5249278,1262846,3200718,785714,298366,100
Upminster,London,c2c,UPM,5020900,1878150,2657288,485462,811429,101
Birmingham International,West Midlands,Avanti West Coast,BHI,5002974,1642174,2908416,452384,276067,102
Orpington,London,Southeastern,ORP,4989622,1631636,2553826,804160,725083,103
Twickenham,London,South Western Railway,TWI,4972204,1612876,2806014,553314,279755,104
Surrey Quays,London,London Overground,SQE,4933592,1373466,2781608,778518,1272957,105
Queens Park (London),London,London Underground,QPW,4882030,1405806,3018620,457604,0,106
Chadwell Heath,London,Elizabeth line,CTH,4874090,1554894,2767958,551238,0,107
Maidenhead,South East,Great Western Railway,MAI,4850106,1559420,2569532,721154,644539,108
Dartford,South East,Southeastern,DFD,4815874,1679312,2586882,549680,416020,109
Basingstoke,South East,South Western Railway,BSK,4793820,1239952,2799824,754044,829653,110
Goodmayes,London,Elizabeth line,GMY,4772640,1412232,2538030,822378,0,111
Luton Airport Parkway,East of England,Govia Thameslink Railway (Thameslink),LTN,4740742,1615364,2959764,165614,7632,112
Heathrow Terminal 5 (Rail Station Only),London,Heathrow Express,HWV,4704568,1720384,2828096,156088,0,113
Homerton,London,London Overground,HMN,4685786,1489526,2636202,560058,0,114
Stevenage,East of England,Govia Thameslink Railway (Great Northern),SVG,4676446,1666568,2510348,499530,1192784,115
Sutton (London),London,Govia Thameslink Railway (Southern),SUO,4639520,1586408,2173294,879818,470441,116
Norwood Junction,London,London Overground,NWD,4627090,1449320,2461984,715786,909783,117
Winchester,South East,South Western Railway,WIN,4593936,908356,2705244,980336,97244,118
Norwich,East of England,Greater Anglia,NRW,4556674,657366,3681816,217492,553617,119
New Cross Gate,London,London Overground,NXG,4550170,1136494,2699746,713930,129133,120
Doncaster,Yorkshire and The Humber,London North Eastern Railway,DON,4533514,627334,3560040,346140,1673640,121
West Brompton,London,London Underground,WBP,4515126,1378122,2396566,740438,0,122
Wembley Central,London,London Underground,WMB,4445524,965338,2875772,604414,82629,123
Manor Park,London,Elizabeth line,MNP,4426692,1173712,2480138,772842,0,124
West Croydon,London,London Overground,WCY,4370176,1319014,2290474,760688,308065,125
Kingston,London,South Western Railway,KNG,4360664,1425806,2480132,454726,0,126
Camden Road,London,London Overground,CMD,4330314,1289098,2441980,599236,5740,127
Stockport,North West,Avanti West Coast,SPT,4295970,948804,3007590,339576,461907,128
Walthamstow Central,London,London Overground,WHC,4272090,1398986,2439100,434004,0,129
Forest Hill,London,London Overground,FOH,4229240,1392214,2360674,476352,0,130
Hackney Wick,London,London Overground,HKW,4211192,1200304,2635512,375376,1,131
Derby,East Midlands,East Midlands Railway,DBY,4106660,809168,3100272,197220,608101,132
Seven Kings,London,Elizabeth line,SVK,4084206,1248770,2313838,521598,0,133
Hoxton,London,London Overground,HOX,4083552,1201076,2521782,360694,0,134
Maryland,London,Elizabeth line,MYL,4055440,1177240,2266716,611484,0,135
Tonbridge,South East,Southeastern,TON,4048158,863806,1829312,1355040,480924,136
Harrow and Wealdstone,London,London Underground,HRW,3966818,1109318,2388246,469254,496471,137
Haywards Heath,South East,Govia Thameslink Railway (Southern),HHE,3957580,1047716,1948018,961846,383780,138
West Hampstead,London,London Overground,WHD,3944888,1158610,2125616,660662,573653,139
Shadwell,London,London Overground,SDE,3917292,1102056,2333222,482014,0,140
Ashford International,South East,Southeastern,AFK,3791778,756446,2058384,976948,852249,141
Southport,North West,Merseyrail,SOP,3788568,418150,2973798,396620,14712,142
Wandsworth Town,London,South Western Railway,WNT,3786146,1457826,1687142,641178,0,143
Bedford,East of England,Govia Thameslink Railway (Thameslink),BDM,3763978,669818,2423388,670772,52169,144
University (Birmingham),West Midlands,West Midlands Trains (West Midlands Railway),UNI,3755612,1041886,1262012,1451714,0,145
Eastbourne,South East,Govia Thameslink Railway (Southern),EBN,3754614,424862,2260508,1069244,19169,146
Sevenoaks,South East,Southeastern,SEV,3741030,870092,1935218,935720,1264894,147
Brockley,London,London Overground,BCY,3668366,1110032,2164888,393446,0,148
Luton,East of England,Govia Thameslink Railway (Thameslink),LUT,3665966,686656,2616284,363026,73669,149
Haggerston,London,London Overground,HGG,3651250,1216012,2136172,299066,0,150
Colchester,East of England,Greater Anglia,COL,3648216,723036,1863564,1061616,501251,151
Harold Wood,London,Elizabeth line,HRO,3637666,1290426,1967894,379346,0,152
Feltham,London,South Western Railway,FEL,3626102,1180746,1818138,627218,0,153
Grays,East of England,c2c,GRY,3585722,1137688,1783498,664536,105963,154
Sydenham (London),London,London Overground,SYD,3541540,1146210,1906478,488852,0,155
West Drayton,London,Elizabeth line,WDT,3533610,1149902,2068514,315194,0,156
Hampstead Heath,London,London Overground,HDH,3511646,1042280,2046724,422642,0,157
Raynes Park,London,South Western Railway,RAY,3497682,1155286,1722880,619516,97448,158
Edmonton Green,London,London Overground,EDR,3486764,1059160,1924880,502724,20177,159
Crewe,North West,Avanti West Coast,CRE,3389590,671358,2553720,164512,1427867,160
Ipswich,East of England,Greater Anglia,IPS,3371206,799646,2088016,483544,761485,161
Epsom (Surrey),South East,Govia Thameslink Railway (Southern),EPS,3342368,1297274,1649430,395664,117631,162
Haymarket,Scotland,ScotRail,HYM,3334408,1524352,1647654,162402,730121,163
Three Bridges,South East,Govia Thameslink Railway (Southern),TBD,3307440,998564,1689422,619454,1076845,164
Paisley Gilmour Street,Scotland,ScotRail,PYG,3241120,1115130,1609374,516616,193147,165
Brentwood,East of England,Elizabeth line,BRE,3232020,1251358,1645276,335386,0,166
New Cross,London,Southeastern,NWX,3180844,985218,1657922,537704,469891,167
Redhill,South East,Govia Thameslink Railway (Southern),RDH,3175326,1079372,1627434,468520,699087,168
Birmingham Snow Hill,West Midlands,West Midlands Trains (West Midlands Railway),BSW,3153970,839924,1168048,1145998,300549,169
Swindon (Wilts),South West,Great Western Railway,SWI,3150912,361158,2546072,243682,234297,170
West Hampstead Thameslink,London,Govia Thameslink Railway (Thameslink),WHP,3147648,1074104,1622542,451002,935688,171
Huddersfield,Yorkshire and The Humber,TransPennine Express,HUD,3136040,976280,1662928,496832,751429,172
Liverpool James Street,North West,Merseyrail,LVJ,3120046,804126,1922280,393640,0,173
Partick,Scotland,ScotRail,PTK,3091680,1007534,1663494,420652,560824,174
New Malden,London,South Western Railway,NEM,3077144,978390,1574806,523948,33976,175
Harrow-On-The-Hill,London,London Underground,HOH,3069228,1200410,1762982,105836,0,176
Tunbridge Wells,South East,Southeastern,TBW,3038690,636448,1799086,603156,65618,177
Stoke-On-Trent,West Midlands,Avanti West Coast,SOT,3015802,752120,2062472,201210,177469,178
Hackney Downs,London,London Overground,HAC,3015486,942272,1768672,304542,1880306,179
Bolton,North West,Northern Trains,BON,3011850,715772,1824114,471964,495120,180
Bishops Stortford,East of England,Greater Anglia,BIS,3003190,1036916,1275712,690562,123676,181
Gidea Park,London,Elizabeth line,GDP,2998252,1164006,1641360,192886,0,182
Exeter Central,South West,Great Western Railway,EXC,2962450,944958,1551764,465728,329880,183
Hitchin,East of England,Govia Thameslink Railway (Great Northern),HIT,2940178,1085160,1367484,487534,170803,184
Exeter St David's,South West,Great Western Railway,EXD,2922288,527074,2228080,167134,1524885,185
Queens Road (Peckham),London,Govia Thameslink Railway (Southern),QRP,2914668,917448,1500712,496508,13021,186
Hull,Yorkshire and The Humber,TransPennine Express,HUL,2908428,177312,2563304,167812,75196,187
Hither Green,London,Southeastern,HGR,2899052,975078,1412890,511084,212143,188
Gravesend,South East,Southeastern,GRV,2886256,957912,1303374,624970,277082,189
Didcot Parkway,South East,Great Western Railway,DID,2884000,511998,1792676,579326,669914,190
Imperial Wharf,London,London Overground,IMW,2859328,978638,1362366,518324,0,191
Northampton,East Midlands,West Midlands Trains (London Northwestern Railway),NMP,2847378,458918,2033580,354880,1079,192
Canonbury,London,London Overground,CNN,2834562,883274,1683054,268234,835651,193
Kensington Olympia,London,London Overground,KPA,2831588,936092,1468482,427014,14596,194
Darlington,North East,London North Eastern Railway,DAR,2827176,191340,2505640,130196,612574,195
Newport (South Wales),Wales,TfW Rail,NWP,2817472,1251652,1364038,201782,563224,196
Durham,North East,London North Eastern Railway,DHM,2809984,34778,2666624,108582,3612,197
Harpenden,East of England,Govia Thameslink Railway (Thameslink),HPD,2806312,940442,1454700,411170,5864,198
Crystal Palace,London,London Overground,CYP,2781506,905330,1489250,386926,156806,199
Purley,London,Govia Thameslink Railway (Southern),PUR,2777102,944790,1420002,412310,576772,200
Streatham Common,London,Govia Thameslink Railway (Southern),SRC,2765402,820384,1192456,752562,91029,201
Elstree and Borehamwood,East of England,Govia Thameslink Railway (Thameslink),ELS,2760150,1067644,1261884,430622,0,202
Stratford International,London,HS1 Ltd,SFA,2738944,593420,1799138,346386,214467,203
Highams Park,London,London Overground,HIP,2737710,1014412,1501000,222298,0,204
Canterbury West,South East,Southeastern,CBW,2723706,589160,1741080,393466,158448,205
Acton Main Line,London,Elizabeth line,AML,2699464,873976,1520638,304850,0,206
Blackhorse Road,London,London Underground,BHO,2693538,776484,1450094,466960,0,207
Chichester,South East,Govia Thameslink Railway (Southern),CCH,2687308,745514,1421168,520626,49322,208
Plymouth,South West,Great Western Railway,PLY,2672762,261454,2226872,184436,128466,209
Bournemouth,South West,South Western Railway,BMH,2664456,514088,2006230,144138,71883,210
Gospel Oak,London,London Overground,GPO,2664268,796060,1566120,302088,1749395,211
Lewes,South East,Govia Thameslink Railway (Southern),LWS,2626246,567130,1448782,610334,581212,212
White Hart Lane,London,London Overground,WHL,2616980,702582,1604944,309454,0,213
Sidcup,London,Southeastern,SID,2614930,1048310,1239996,326624,0,214
Kensal Rise,London,London Overground,KNR,2607790,798036,1360532,449222,0,215
Kentish Town,London,London Underground,KTN,2589668,846004,1329228,414436,0,216
Basildon,East of England,c2c,BSO,2566830,854324,1176568,535938,0,217
Limehouse,London,c2c,LHS,2559778,1096248,1021440,442090,0,218
Honor Oak Park,London,London Overground,HPA,2553270,863836,1476246,213188,0,219
West Ealing,London,Elizabeth line,WEA,2548676,877938,1431234,239504,93991,220
Cheshunt,East of England,Greater Anglia,CHN,2547310,941266,1450848,155196,314476,221
Leamington Spa,West Midlands,Chiltern Railways,LMS,2544520,924114,1317578,302828,228744,222
Gillingham (Kent),South East,Southeastern,GLM,2542112,734220,1140722,667170,136775,223
Stirling,Scotland,ScotRail,STG,2527778,960326,1435996,131456,462222,224
Welwyn Garden City,East of England,Govia Thameslink Railway (Great Northern),WGC,2516216,1128182,1151874,236160,8564,225
Catford Bridge,London,Southeastern,CFB,2512134,730412,1268812,512910,82277,226
Potters Bar,East of England,Govia Thameslink Railway (Great Northern),PBR,2486164,959186,1262986,263992,51414,227
Wapping,London,London Overground,WPE,2471208,720346,1530758,220104,0,228
Horsham,South East,Govia Thameslink Railway (Southern),HRH,2464238,739394,1172308,552536,76483,229
Hatfield (Herts),East of England,Govia Thameslink Railway (Great Northern),HAT,2458060,1004316,1263684,190060,0,230
Stafford,West Midlands,Avanti West Coast,STA,2456512,623956,1595668,236888,533274,231
Brondesbury,London,London Overground,BSY,2442938,644180,1292028,506730,0,232
Greenwich,London,Southeastern,GNW,2439476,747762,1303258,388456,0,233
Benfleet,East of England,c2c,BEF,2439326,979518,1029484,430324,0,234
Streatham (Greater London),London,Govia Thameslink Railway (Southern),STE,2437720,839114,1110476,488130,298484,235
Herne Hill,London,Southeastern,HNH,2434224,823456,1230124,380644,1029213,236
Thornton Heath,London,Govia Thameslink Railway (Southern),TTH,2432008,672416,1081998,677594,15190,237
Walton-On-Thames,South East,South Western Railway,WAL,2425886,882694,1055046,488146,0,238
Cheltenham Spa,South West,Great Western Railway,CNM,2418292,510350,1831890,76052,276080,239
Chatham,South East,Southeastern,CTM,2397976,727534,1081102,589340,240,240
Rugby,West Midlands,Avanti West Coast,RUG,2392296,555436,1477822,359038,170035,241
Aberdeen,Scotland,ScotRail,ABD,2377660,722918,1548878,105864,218903,242
Staines,South East,South Western Railway,SNS,2371110,673860,1427166,270084,327430,243
Bradford Interchange,Yorkshire and The Humber,Northern Trains,BDI,2359354,575384,1461244,322726,89871,244
Norbury,London,Govia Thameslink Railway (Southern),NRB,2348766,697078,984078,667610,0,245
Billericay,East of England,Greater Anglia,BIC,2348512,1006236,722686,619590,0,246
Enfield Town,London,London Overground,ENF,2343318,814378,1313948,214992,0,247
Wakefield Westgate,Yorkshire and The Humber,London North Eastern Railway,WKF,2333910,570850,1508624,254436,116315,248
Sittingbourne,South East,Southeastern,SIT,2326816,627512,990064,709240,416366,249
Bristol Parkway,South West,Great Western Railway,BPW,2325558,456956,1787746,80856,875145,250
Shrewsbury,West Midlands,TfW Rail,SHR,2321270,775262,1235012,310996,244743,251
Chafford Hundred Lakeside,East of England,c2c,CFH,2317972,722340,1240058,355574,0,252
Carlisle,North West,Avanti West Coast,CAR,2316310,68040,2116644,131626,368419,253
Selly Oak,West Midlands,West Midlands Trains (West Midlands Railway),SLY,2308762,624248,956798,727716,0,254
Swansea,Wales,TfW Rail,SWA,2303850,858050,1311344,134456,29264,255
Ely,East of England,Greater Anglia,ELY,2299024,585456,1331058,382510,431002,256
Ormskirk,North West,Merseyrail,OMS,2297090,388394,1539400,369296,24090,257
Grove Park,London,Southeastern,GRP,2296634,731334,1081382,483918,364629,258
Lincoln,East Midlands,East Midlands Railway,LCN,2286040,634314,1502188,149538,19773,259
Blackheath,London,Southeastern,BKH,2278510,750952,1209136,318422,7933,260
Banbury,South East,Chiltern Railways,BAN,2269872,540888,1460042,268942,220056,261
Norbiton,London,South Western Railway,NBT,2269820,821258,1116156,332406,0,262
Woolwich Arsenal,London,Southeastern,WWA,2269060,678352,1201768,388940,0,263
Barnes,London,South Western Railway,BNS,2251810,800566,995166,456078,24911,264
Southend Central,East of England,c2c,SOC,2242080,511014,1144642,586424,1934,265
Farnborough (Main),South East,South Western Railway,FNB,2235212,770010,1050140,415062,11168,266
Lancaster,North West,Avanti West Coast,LAN,2184042,204886,1747686,231470,450228,267
Battersea Park,London,Govia Thameslink Railway (Southern),BAK,2183506,646578,1124942,411986,1524,268
Tulse Hill,London,Govia Thameslink Railway (Southern),TUH,2181520,775308,1067064,339148,390929,269
Worthing,South East,Govia Thameslink Railway (Southern),WRH,2177490,489408,1304090,383992,100194,270
Elephant and Castle,London,Govia Thameslink Railway (Thameslink),EPH,2169236,770672,955178,443386,441903,271
Hastings,South East,Southeastern,HGS,2168544,358716,1260982,548846,33339,272
Liverpool South Parkway,North West,Merseyrail,LPY,2164108,383928,1463828,316352,231539,273
High Wycombe,South East,Chiltern Railways,HWY,2160748,674000,1169380,317368,75476,274
Silver Street,London,London Overground,SLV,2136452,714180,1153158,269114,0,275
Clapton,London,London Overground,CPT,2130232,669484,1208754,251994,0,276
Portsmouth Harbour,South East,South Western Railway,PMH,2091304,405892,1487988,197424,44300,277
Havant,South East,South Western Railway,HAV,2082866,493866,1297648,291352,282970,278
Fratton,South East,South Western Railway,FTN,2080340,529008,1369570,181762,80911,279
Blackpool North,North West,Northern Trains,BPN,2065566,201032,1815360,49174,2062,280
Rochester,South East,Southeastern,RTR,2059228,529904,1076266,453058,42930,281
Heathrow Terminal 4 (Rail Station Only),London,Heathrow Express,HAF,2058248,752668,1237292,68288,0,282
New Eltham,London,Southeastern,NEH,2038220,793988,917950,326282,0,283
Chingford,London,London Overground,CHI,2036058,732920,1202578,100560,0,284
Hove,South East,Govia Thameslink Railway (Southern),HOV,2028988,538560,1187206,303222,208086,285
Cardiff Queen Street,Wales,TfW Rail,CDQ,2010584,1572322,102072,336190,630758,286
Salisbury,South West,South Western Railway,SAL,2004688,396690,1378698,229300,247544,287
Weybridge,South East,South Western Railway,WYB,1987922,874562,807398,305962,592146,288
Gunnersbury,London,London Underground,GUN,1961546,787388,867500,306658,0,289
Coulsdon South,London,Govia Thameslink Railway (Southern),CDS,1959570,784096,892502,282972,44387,290
Wood Street,London,London Overground,WST,1938180,682338,1118414,137428,0,291
Laindon,East of England,c2c,LAI,1926978,776914,787260,362804,0,292
Bicester Village,South East,Chiltern Railways,BIT,1925568,263074,1478268,184226,219,293
Witham,East of England,Greater Anglia,WTM,1924032,607096,624532,692404,157630,294
Worcester Foregate Street,West Midlands,West Midlands Trains (West Midlands Railway),WOF,1914248,601728,817070,495450,169971,295
London Fields,London,London Overground,LOF,1911346,609292,1135794,166260,0,296
Meadowhall,Yorkshire and The Humber,Northern Trains,MHS,1910838,462010,1260834,187994,48761,297
Wokingham,South East,South Western Railway,WKM,1902086,563524,1049826,288736,73552,298
Solihull,West Midlands,Chiltern Railways,SOL,1898584,477734,915074,505776,11093,299
Amersham,South East,London Underground,AMR,1892926,780780,1046060,66086,0,300
Kentish Town West,London,London Overground,KTW,1886418,595926,1041086,249406,0,301
Harrogate,Yorkshire and The Humber,Northern Trains,HGT,1879366,315262,1422124,141980,1439,302
Finchley Road and Frognal,London,London Overground,FNY,1876386,571974,963462,340950,0,303
Mill Hill Broadway,London,Govia Thameslink Railway (Thameslink),MIL,1874860,713624,885768,275468,125,304
Alexandra Palace,London,Govia Thameslink Railway (Great Northern),AAP,1855806,616502,1027972,211332,37178,305
Egham,South East,South Western Railway,EGH,1851978,501524,1152566,197888,0,306
Harlow Town,East of England,Greater Anglia,HWN,1847334,746042,770618,330674,0,307
Wickford,East of England,Greater Anglia,WIC,1838264,760142,566502,511620,406901,308
Streatham Hill,London,Govia Thameslink Railway (Southern),SRH,1824266,603364,862174,358728,0,309
Chesterfield,East Midlands,East Midlands Railway,CHD,1820668,309526,1411760,99382,175215,310
Halifax,Yorkshire and The Humber,Northern Trains,HFX,1803018,588472,1021412,193134,55050,311
Broxbourne,East of England,Greater Anglia,BXB,1797220,702424,931084,163712,343497,312
Letchworth Garden City,East of England,Govia Thameslink Railway (Great Northern),LET,1779634,688734,806492,284408,0,313
Bracknell,South East,South Western Railway,BCE,1775202,581448,960438,233316,19538,314
Exhibition Centre (Glasgow),Scotland,ScotRail,EXG,1772544,564854,969590,238100,0,315
Ebbsfleet International,South East,HS1 Ltd,EBD,1765258,565776,922242,277240,87338,316
Gloucester,South West,Great Western Railway,GCR,1763556,475318,1221614,66624,153970,317
Dundee,Scotland,ScotRail,DEE,1763546,609640,1087272,66634,79138,318
Eltham,London,Southeastern,ELW,1758352,637982,850082,270288,0,319
Twyford,South East,Great Western Railway,TWY,1754790,644844,879820,230126,772325,320
Fareham,South East,South Western Railway,FRM,1740046,469566,1049346,221134,148293,321
Rotherhithe,London,London Overground,ROE,1739436,483522,1031258,224656,0,322
Maidstone East,South East,Southeastern,MDE,1727430,466182,786370,474878,28955,323
Burnham (Buckinghamshire),South East,Elizabeth line,BNM,1725890,570100,857554,298236,0,324
Deansgate,North West,Northern Trains,DGT,1719378,350210,1212364,156804,0,325
Teddington,London,South Western Railway,TED,1717082,640688,913082,163312,94434,326
Chippenham,South West,Great Western Railway,CPM,1713674,332034,1230612,151028,26498,327
Windsor and Eton Central,South East,Great Western Railway,WNC,1708274,365388,1182986,159900,26094,328
Petts Wood,London,Southeastern,PET,1707602,701694,765726,240182,0,329
Rainham (Kent),South East,Southeastern,RAI,1702048,406786,766140,529122,7214,330
Beckenham Junction,London,Southeastern,BKJ,1694068,600402,816360,277306,65489,331
Hanwell,London,Elizabeth line,HAN,1691400,602034,949444,139922,0,332
Leigh-On-Sea,East of England,c2c,LES,1689868,671144,772654,246070,0,333
Godalming,South East,South Western Railway,GOD,1687572,806662,562566,318344,0,334
Burgess Hill,South East,Govia Thameslink Railway (Southern),BUG,1676614,377998,855536,443080,0,335
Hornsey,London,Govia Thameslink Railway (Great Northern),HRN,1664926,558296,873334,233296,0,336
Birkenhead Hamilton Square,North West,Merseyrail,BKQ,1657330,739196,683436,234698,330845,337
Deptford,London,Southeastern,DEP,1643802,455522,830204,358076,0,338
Rochdale,North West,Northern Trains,RCD,1629872,450446,887352,292074,74104,339
Kidbrooke,London,Southeastern,KDB,1620822,572666,691796,356360,0,340
Taunton,South West,Great Western Railway,TAU,1615614,275108,1262002,78504,82424,341
Hemel Hempstead,East of England,West Midlands Trains (London Northwestern Railway),HML,1610586,531272,896728,182586,11101,342
Wallington,London,Govia Thameslink Railway (Southern),WLT,1609134,590292,760920,257922,0,343
Formby,North West,Merseyrail,FBY,1606086,314606,1073924,217556,0,344
Kirkby (Merseyside),North West,Merseyrail,KIR,1605216,162280,1136938,305998,6943,345
Portsmouth and Southsea,South East,South Western Railway,PMS,1585586,307740,1128162,149684,26477,346
Acton Central,London,London Overground,ACC,1574010,514990,845964,213056,0,347
Huntingdon,East of England,Govia Thameslink Railway (Great Northern),HUN,1572480,497318,877800,197362,0,348
Caledonian Road and Barnsbury,London,London Overground,CIR,1566788,496922,843958,225908,0,349
Bethnal Green,London,London Overground,BET,1564066,485822,821092,257152,0,350
Blundellsands and Crosby,North West,Merseyrail,BLN,1563538,327068,973250,263220,0,351
Charing Cross (Glasgow),Scotland,ScotRail,CHC,1562948,575482,791212,196254,0,352
Palmers Green,London,Govia Thameslink Railway (Great Northern),PAL,1557022,571424,787106,198492,0,353
Harlesden,London,London Underground,HDN,1553164,427076,850238,275850,0,354
Rayleigh,East of England,Greater Anglia,RLG,1552860,643110,576932,332818,0,355
St James Street (Walthamstow),London,London Overground,SJS,1551778,493618,897624,160536,0,356
Leyton Midland Road,London,London Overground,LEM,1551332,465554,802210,283568,0,357
Mortlake,London,South Western Railway,MTL,1546638,618192,715888,212558,0,358
Middlesbrough,North East,TransPennine Express,MBR,1543226,233030,1160468,149728,86879,359
Newbury,South East,Great Western Railway,NBY,1538658,328416,958432,251810,130672,360
Welling,London,Southeastern,WLI,1527888,566132,683968,277788,0,361
Faversham,South East,Southeastern,FAV,1525470,347456,672968,505046,158923,362
Rainham (Essex),London,c2c,RNM,1525196,630848,747016,147332,0,363
Leighton Buzzard,East of England,West Midlands Trains (London Northwestern Railway),LBZ,1523698,371360,776258,376080,0,364
Swanley,South East,Southeastern,SAY,1523582,585334,800782,137466,180928,365
Barnsley,Yorkshire and The Humber,Northern Trains,BNY,1519762,448370,881802,189590,30321,366
Waterloo (Merseyside),North West,Merseyrail,WLO,1508982,350506,924174,234302,0,367
West Norwood,London,Govia Thameslink Railway (Southern),WNW,1507342,497732,731374,278236,34525,368
Leagrave,East of England,Govia Thameslink Railway (Thameslink),LEA,1496012,338516,861236,296260,0,369
Farnham,South East,South Western Railway,FNH,1494080,552858,711262,229960,28809,370
Bexhill,South East,Govia Thameslink Railway (Southern),BEX,1488932,278000,583912,627020,0,371
Macclesfield,North West,Avanti West Coast,MAC,1486408,292706,1112038,81664,8728,372
Grantham,East Midlands,London North Eastern Railway,GRA,1484114,92152,1229574,162388,304676,373
Lee (London),London,Southeastern,LEE,1482668,492542,685350,304776,0,374
Leatherhead,South East,Govia Thameslink Railway (Southern),LHD,1480646,534418,641486,304742,12718,375
Bexleyheath,London,Southeastern,BXH,1475374,584162,690474,200738,0,376
Stourbridge Junction,West Midlands,West Midlands Trains (West Midlands Railway),SBJ,1471990,325244,649104,497642,319696,377
Hampton Court,South East,South Western Railway,HMC,1469460,542664,795488,131308,0,378
Warrington Bank Quay,North West,Avanti West Coast,WBQ,1468418,402340,973608,92470,394616,379
Stoke Newington,London,London Overground,SKW,1465574,462112,829684,173778,0,380
Cambridge North,East of England,Greater Anglia,CMB,1459946,508908,783006,168032,2070,381
Enfield Lock,London,Greater Anglia,ENL,1459366,509482,841566,108318,0,382
Haslemere,South East,South Western Railway,HSL,1457816,415020,610390,432406,62499,383
Bradford Forster Square,Yorkshire and The Humber,Northern Trains,BDQ,1457418,497974,636662,322782,35780,384
Southampton Airport Parkway,South East,South Western Railway,SOA,1444254,300996,1016526,126732,122226,385
Kenton,London,London Underground,KNT,1438022,341974,845562,250486,0,386
Upper Holloway,London,London Overground,UHL,1425670,430250,668500,326920,0,387
Harringay Green Lanes,London,London Overground,HRY,1425034,367168,739864,318002,0,388
Worcester Park,London,South Western Railway,WCP,1422222,533626,657538,231058,0,389
Loughborough,East Midlands,East Midlands Railway,LBO,1421786,334562,933392,153832,13159,390
Falmer,South East,Govia Thameslink Railway (Southern),FMR,1421366,406994,876962,137410,0,391
Royston,East of England,Govia Thameslink Railway (Great Northern),RYS,1415838,455700,689522,270616,18806,392
Headbolt Lane,North West,Merseyrail,HBL,1410668,165982,1007974,236712,17871,393
Winchmore Hill,London,Govia Thameslink Railway (Great Northern),WIH,1408426,554772,708430,145224,0,394
Keighley,Yorkshire and The Humber,Northern Trains,KEI,1405910,456682,622284,326944,1285,395
Croy,Scotland,ScotRail,CRO,1402586,522822,726954,152810,0,396
Gipsy Hill,London,Govia Thameslink Railway (Southern),GIP,1401264,513162,646422,241680,0,397
Fleet,South East,South Western Railway,FLE,1400680,461512,667054,272114,720,398
Hunts Cross,North West,Merseyrail,HNX,1400326,301010,883598,215718,5915,399
Maze Hill,London,Southeastern,MZH,1397904,486190,744504,167210,0,400
Hyndland,Scotland,ScotRail,HYN,1389628,479368,743584,166676,989587,401
Bletchley,South East,West Midlands Trains (London Northwestern Railway),BLY,1385658,406610,756486,222562,72052,402
Southend Victoria,East of England,Greater Anglia,SOV,1385546,315794,707358,362394,0,403
Clapham High Street,London,London Overground,CLP,1383296,492914,643642,246740,0,404
Bridgend,Wales,TfW Rail,BGN,1379566,708444,459572,211550,55517,405
Ramsgate,South East,Southeastern,RAM,1375656,214068,745422,416166,186228,406
Mottingham,London,Southeastern,MTG,1374680,444362,609818,320500,0,407
Aldershot,South East,South Western Railway,AHT,1371112,447070,747996,176046,105047,408
Crawley,South East,Govia Thameslink Railway (Southern),CRW,1370856,445682,692228,232946,2404,409
Kew Gardens,London,London Underground,KWG,1368612,383408,875970,109234,0,410
Bruce Grove,London,London Overground,BCV,1364934,397082,746310,221542,0,411
Watford High Street,East of England,London Overground,WFH,1363368,228312,1110616,24440,0,412
Wigan North Western,North West,Avanti West Coast,WGN,1359554,299754,907402,152398,894090,413
Ilkley,Yorkshire and The Humber,Northern Trains,ILK,1358126,398082,437020,523024,0,414
South Tottenham,London,London Overground,STO,1357436,321884,662772,372780,0,415
Stonebridge Park,London,London Underground,SBP,1355426,374448,790302,190676,0,416
Nuneaton,West Midlands,West Midlands Trains (London Northwestern Railway),NUN,1353578,401154,830904,121520,601480,417
Oxted,South East,Govia Thameslink Railway (Southern),OXT,1336338,339896,491386,505056,0,418
East Dulwich,London,Govia Thameslink Railway (Southern),EDW,1335792,475002,650334,210456,0,419
Newton Abbot,South West,Great Western Railway,NTA,1334872,216908,915078,202886,514502,420
St Mary Cray,London,Southeastern,SMY,1334744,458700,593146,282898,0,421
Truro,South West,Great Western Railway,TRU,1334668,208340,922356,203972,283377,422
Rectory Road,London,London Overground,REC,1325536,468404,742118,115014,0,423
Berkhamsted,East of England,West Midlands Trains (London Northwestern Railway),BKM,1322820,460066,671266,191488,0,424
Mitcham Eastfields,London,Govia Thameslink Railway (Southern),MTC,1318094,406910,523582,387602,0,425
Horley,South East,Govia Thameslink Railway (Southern),HOR,1312392,543464,586158,182770,0,426
Salford Crescent,North West,Northern Trains,SLD,1306766,438250,720634,147882,175992,427
Shoreham-By-Sea,South East,Govia Thameslink Railway (Southern),SSE,1302590,307008,726130,269452,0,428
Five Ways,West Midlands,West Midlands Trains (West Midlands Railway),FWY,1302172,450394,483174,368604,0,429
Maghull,North West,Merseyrail,MAG,1299672,223844,892082,183746,0,430
Blackburn,North West,Northern Trains,BBN,1297980,247984,907632,142364,82591,431
Waltham Cross,East of England,Greater Anglia,WLC,1297696,490702,708058,98936,0,432
Whitton (London),London,South Western Railway,WTN,1291066,482244,631970,176852,0,433
Margate,South East,Southeastern,MAR,1287330,179818,945484,162028,9245,434
Skipton,Yorkshire and The Humber,Northern Trains,SKI,1286418,356470,660820,269128,11602,435
Chalkwell,East of England,c2c,CHW,1286264,496804,516258,273202,0,436
Argyle Street,Scotland,ScotRail,AGS,1279026,365242,815214,98570,0,437
Flitwick,East of England,Govia Thameslink Railway (Thameslink),FLT,1276900,347654,637870,291376,0,438
New Barnet,London,Govia Thameslink Railway (Great Northern),NBA,1272760,512630,591758,168372,0,439
Southend East,East of England,c2c,SOE,1272114,289940,649448,332726,0,440
Radlett,East of England,Govia Thameslink Railway (Thameslink),RDT,1270406,486946,655708,127752,0,441
Charlton,London,Southeastern,CTN,1269452,373086,658886,237480,20420,442
Warrington Central,North West,Northern Trains,WAC,1268378,347530,840974,79874,81594,443
Ladywell,London,Southeastern,LAD,1254886,387552,657234,210100,0,444
Hassocks,South East,Govia Thameslink Railway (Southern),HSK,1254686,295406,657220,302060,0,445
Wigan Wallgate,North West,Northern Trains,WGW,1253014,276264,836294,140456,286727,446
Wilmslow,North West,Northern Trains,WML,1248708,360870,709356,178482,110393,447
Kidderminster,West Midlands,West Midlands Trains (West Midlands Railway),KID,1242114,306594,455136,480384,0,448
Walsall,West Midlands,West Midlands Trains (West Midlands Railway),WSL,1240358,394864,572472,273022,5246,449
Tamworth,West Midlands,West Midlands Trains (London Northwestern Railway),TAM,1240246,483594,659442,97210,358577,450
West Kirby,North West,Merseyrail,WKI,1235638,219772,923342,92524,0,451
Penge East,London,Southeastern,PNE,1235544,433718,617372,184454,93,452
Loughborough Junction,London,Govia Thameslink Railway (Thameslink),LGJ,1233640,432844,598054,202742,0,453
North Wembley,London,London Underground,NWB,1231422,330106,741250,160066,0,454
Hereford,West Midlands,TfW Rail,HFD,1229916,275022,642070,312824,45539,455
Bushey,East of England,London Overground,BSH,1225400,483652,686182,55566,0,456
Carpenders Park,East of England,London Overground,CPK,1224684,355038,819514,50132,0,457
Petersfield,South East,South Western Railway,PTR,1221202,264422,664782,291998,6732,458
Selhurst,London,Govia Thameslink Railway (Southern),SRS,1217928,359212,577600,281116,809,459
Barking Riverside,London,London Overground,BGV,1209476,433754,619524,156198,0,460
Shipley (Yorks),Yorkshire and The Humber,Northern Trains,SHY,1195542,381104,594220,220218,329396,461
New Brighton,North West,Merseyrail,NBN,1192234,307752,726108,158374,0,462
Eastleigh,South East,South Western Railway,ESL,1191848,316796,672092,202960,106994,463
Bush Hill Park,London,London Overground,BHK,1188288,476546,646324,65418,0,464
Mount Florida,Scotland,ScotRail,MFL,1184706,409762,655858,119086,5394,465
Telford Central,West Midlands,West Midlands Trains (West Midlands Railway),TFC,1177576,384078,636400,157098,3835,466
Inverness,Scotland,ScotRail,INV,1172640,458864,691072,22704,54976,467
West Byfleet,South East,South Western Railway,WBY,1172146,396874,498856,276416,0,468
Canterbury East,South East,Southeastern,CBE,1170446,253176,748188,169082,38101,469
Reigate,South East,Govia Thameslink Railway (Southern),REI,1168558,420028,478210,270320,0,470
Strood (Kent),South East,Southeastern,SOO,1167638,400476,477158,290004,534077,471
Enfield Chase,London,Govia Thameslink Railway (Great Northern),ENC,1166152,421676,612538,131938,1254,472
Kew Bridge,London,South Western Railway,KWB,1162156,407674,548290,206192,0,473
Langley (Berks),South East,Elizabeth line,LNY,1153338,376078,584910,192350,0,474
Gordon Hill,London,Govia Thameslink Railway (Great Northern),GDH,1152836,452504,563634,136698,0,475
Leytonstone High Road,London,London Overground,LER,1151934,330756,614872,206306,0,476
High Brooms,South East,Southeastern,HIB,1148824,286848,605026,256950,0,477
Beaconsfield,South East,Chiltern Railways,BCF,1146906,325494,564192,257220,0,478
Pitsea,East of England,c2c,PSE,1143894,375438,580132,188324,191581,479
Windsor and Eton Riverside,South East,South Western Railway,WNR,1143218,254748,818848,69622,29022,480
Andover,South East,South Western Railway,ADV,1141420,213592,734340,193488,7053,481
Harringay,London,Govia Thameslink Railway (Great Northern),HGY,1140210,385274,620296,134640,0,482
Johnstone (Renfrewshire),Scotland,ScotRail,JHN,1139862,357514,635070,147278,0,483
Carshalton,London,Govia Thameslink Railway (Southern),CSH,1139060,440462,530320,168278,0,484
Kettering,East Midlands,East Midlands Railway,KET,1136558,185688,730584,220286,431919,485
Brimsdown,London,Greater Anglia,BMD,1135474,398618,614730,122126,0,486
Shortlands,London,Southeastern,SRT,1128652,464622,479280,184750,7369,487
Preston Park,South East,Govia Thameslink Railway (Southern),PRP,1126092,382282,570484,173326,0,488
Tilbury Town,East of England,c2c,TIL,1110752,302408,534246,274098,22660,489
Fazakerley,North West,Merseyrail,FAZ,1107238,206890,630254,270094,0,490
Newton-Le-Willows,North West,Northern Trains,NLW,1106560,287888,713530,105142,363013,491
Slade Green,London,Southeastern,SGR,1103814,377306,494650,231858,43117,492
Gerrards Cross,South East,Chiltern Railways,GER,1102694,352076,582836,167782,31531,493
East Grinstead,South East,Govia Thameslink Railway (Southern),EGR,1100494,328396,460202,311896,0,494
Bexley,London,Southeastern,BXY,1096808,456224,497430,143154,0,495
Paddock Wood,South East,Southeastern,PDW,1090192,267216,499186,323790,169808,496
South Croydon,London,Govia Thameslink Railway (Southern),SCY,1088648,459796,456492,172360,0,497
Crayford,London,Southeastern,CRY,1086958,438370,455694,192894,0,498
Bognor Regis,South East,Govia Thameslink Railway (Southern),BOG,1086762,207364,614748,264650,0,499
St Neots,East of England,Govia Thameslink Railway (Great Northern),SNO,1081866,357386,550230,174250,0,500
Polegate,South East,Govia Thameslink Railway (Southern),PLG,1079980,139034,643256,297690,0,501
Newark Northgate,East Midlands,London North Eastern Railway,NNG,1078800,225600,755634,97566,141774,502
Hertford East,East of England,Greater Anglia,HFE,1076556,418142,534500,123914,0,503
Wanstead Park,London,London Overground,WNP,1071144,265082,517922,288140,26795,504
Ware (Herts),East of England,Greater Anglia,WAR,1068458,460584,508666,99208,0,505
Brondesbury Park,London,London Overground,BSP,1067324,366208,565644,135472,0,506
Clock House,London,Southeastern,CLK,1067284,384874,548876,133534,901,507
Birkdale,North West,Merseyrail,BDL,1064598,153734,768662,142202,0,508
Linlithgow,Scotland,ScotRail,LIN,1058874,433050,563242,62582,0,509
Westcliff,East of England,c2c,WCF,1056440,315986,552816,187638,0,510
Northumberland Park,London,Greater Anglia,NUM,1052358,264956,616928,170474,0,511
Cambridge Heath,London,London Overground,CBH,1050568,312672,588048,149848,0,512
Sandhills,North West,Merseyrail,SDL,1049448,346680,471270,231498,842213,513
Motherwell,Scotland,ScotRail,MTH,1049030,360406,597140,91484,100406,514
Manningtree,East of England,Greater Anglia,MNG,1043404,213688,589290,240426,248801,515
Weston-Super-Mare,South West,Great Western Railway,WSM,1041126,276948,707588,56590,8823,516
Southbury,London,London Overground,SBU,1038924,328830,609912,100182,0,517
Sutton Coldfield,West Midlands,West Midlands Trains (West Midlands Railway),SUT,1034854,265454,409468,359932,0,518
Portslade,South East,Govia Thameslink Railway (Southern),PLD,1034778,304826,547942,182010,0,519
Livingston North,Scotland,ScotRail,LSN,1033616,450814,508658,74144,0,520
Barnham,South East,Govia Thameslink Railway (Southern),BAA,1032190,219444,381528,431218,794250,521
Hertford North,East of England,Govia Thameslink Railway (Great Northern),HFN,1031580,400672,512170,118738,446,522
Dover Priory,South East,Southeastern,DVP,1029332,232850,632318,164164,86844,523
Ockendon,East of England,c2c,OCK,1027566,387416,464730,175420,0,524
Hendon,London,Govia Thameslink Railway (Thameslink),HEN,1027036,347712,443290,236034,0,525
Ashtead,South East,Govia Thameslink Railway (Southern),AHD,1023956,341122,484734,198100,0,526
Guiseley,Yorkshire and The Humber,Northern Trains,GSY,1019178,400518,339222,279438,0,527
Bingley,Yorkshire and The Humber,Northern Trains,BIY,1017970,343306,465356,209308,0,528
St Michaels,North West,Merseyrail,STM,1015344,337858,478628,198858,0,529
Rowley Regis,West Midlands,West Midlands Trains (West Midlands Railway),ROW,1014812,326710,387946,300156,0,530
St Margarets (London),London,South Western Railway,SMG,1014718,413684,467200,133834,0,531
Anniesland,Scotland,ScotRail,ANL,1013182,339812,542678,130692,0,532
Chislehurst,London,Southeastern,CIT,1012880,423130,492514,97236,0,533
Colchester Town,East of England,Greater Anglia,CET,1012034,200574,516962,294498,0,534
Sandwell and Dudley,West Midlands,West Midlands Trains (West Midlands Railway),SAD,1005688,239044,574660,191984,0,535
St Leonards Warrior Square,South East,Southeastern,SLQ,1001396,204830,613620,182946,156493,536
Scarborough,Yorkshire and The Humber,TransPennine Express,SCA,1001114,109282,863586,28246,0,537
Kensal Green,London,London Underground,KNL,999796,274846,613634,111316,0,538
Exmouth,South West,Great Western Railway,EXM,999764,277610,635616,86538,0,539
Rickmansworth,East of England,London Underground,RIC,998182,397950,563924,36308,0,540
Walthamstow Queen's Road,London,London Overground,WMW,997432,299300,497592,200540,0,541
Nunhead,London,Govia Thameslink Railway (Thameslink),NHD,997310,386258,451438,159614,0,542
Bournville,West Midlands,West Midlands Trains (West Midlands Railway),BRV,996134,283460,421322,291352,0,543
Turkey Street,London,London Overground,TUR,990634,346280,588054,56300,0,544
Brockenhurst,South East,South Western Railway,BCU,986394,254470,531440,200484,230305,545
Wellingborough,East Midlands,East Midlands Railway,WEL,980522,143860,631480,205182,4805,546
Lancing,South East,Govia Thameslink Railway (Southern),LAC,979620,278026,504430,197164,0,547
Aintree,North West,Merseyrail,AIN,977074,200414,552112,224548,0,548
Brentford,London,South Western Railway,BFD,976928,357814,418788,200326,0,549
Orrell Park,North West,Merseyrail,OPK,976174,304708,452534,218932,0,550
Stowmarket,East of England,Greater Anglia,SMK,975908,269052,541524,165332,81458,551
Ewell West,South East,South Western Railway,EWW,970948,396112,463608,111228,0,552
Folkestone West,South East,Southeastern,FKW,970078,161422,594878,213778,0,553
Digby and Sowton,South West,Great Western Railway,DIG,968412,308972,58604,600836,0,554
Poole,South West,South Western Railway,POO,965090,244412,658814,61864,6630,555
Old Roan,North West,Merseyrail,ORN,963306,153108,675400,134798,0,556
Wandsworth Common,London,Govia Thameslink Railway (Southern),WSW,961536,359476,434576,167484,0,557
Isleworth,London,South Western Railway,ISL,956838,331248,382886,242704,0,558
Barnehurst,London,Southeastern,BNH,955890,358690,439920,157280,0,559
Inverkeithing,Scotland,ScotRail,INK,953162,353688,545596,53878,44854,560
Anerley,London,London Overground,ANZ,948840,328050,531118,89672,0,561
Hampton (London),London,South Western Railway,HMP,948726,399282,435046,114398,0,562
Dewsbury,Yorkshire and The Humber,TransPennine Express,DEW,947090,322946,445322,178822,0,563
Ascot (Berks),South East,South Western Railway,ACT,947036,304000,559816,83220,292322,564
Birkenhead North,North West,Merseyrail,BKN,944022,551862,278846,113314,91287,565
Market Harborough,East Midlands,East Midlands Railway,MHR,943468,127926,643884,171658,0,566
Hayes (Kent),London,Southeastern,HYS,940160,378254,458882,103024,0,567
Woodgrange Park,London,London Overground,WGR,938768,245298,455260,238210,0,568
Bathgate,Scotland,ScotRail,BHG,938148,392668,465452,80028,0,569
Kings Norton,West Midlands,West Midlands Trains (West Midlands Railway),KNN,933856,308772,361076,264008,5861,570
Cathays,Wales,TfW Rail,CYS,933746,698808,101180,133758,0,571
Cheam,London,Govia Thameslink Railway (Southern),CHE,932574,388722,418506,125346,0,572
Westcombe Park,London,Southeastern,WCB,931670,361744,445308,124618,0,573
Kirkdale,North West,Merseyrail,KKD,930362,290752,448154,191456,119835,574
Bury St Edmunds,East of England,Greater Anglia,BSE,929244,308488,519444,101312,1198,575
Elmstead Woods,London,Southeastern,ESD,927220,376828,398986,151406,0,576
Oakleigh Park,London,Govia Thameslink Railway (Great Northern),OKL,924194,424478,400570,99146,0,577
Plumstead,London,Southeastern,PLU,923038,284004,442552,196482,0,578
New Southgate,London,Govia Thameslink Railway (Great Northern),NSG,920392,398916,399584,121892,0,579
Bebington,North West,Merseyrail,BEB,917836,357620,448368,111848,0,580
Burton-On-Trent,West Midlands,East Midlands Railway,BUT,913000,223466,648040,41494,8132,581
Hackbridge,London,Govia Thameslink Railway (Southern),HCB,911110,336084,392422,182604,0,582
Redditch,West Midlands,West Midlands Trains (West Midlands Railway),RDC,910428,311704,416274,182450,0,583
Hebden Bridge,Yorkshire and The Humber,Northern Trains,HBD,907830,259458,555922,92450,35136,584
Trowbridge,South West,Great Western Railway,TRO,904324,366072,428160,110092,36224,585
Crouch Hill,London,London Overground,CRH,901274,257266,483892,160116,0,586
Aylesbury,South East,Chiltern Railways,AYS,900484,359114,331976,209394,6334,587
West Malling,South East,Southeastern,WMA,896670,230026,470710,195934,0,588
Cosham,South East,South Western Railway,CSA,895766,287822,509292,98652,0,589
Biggleswade,East of England,Govia Thameslink Railway (Great Northern),BIW,894928,311314,434286,149328,0,590
Ainsdale,North West,Merseyrail,ANS,892242,170358,597096,124788,0,591
Longbridge,West Midlands,West Midlands Trains (West Midlands Railway),LOB,891698,278030,361388,252280,0,592
Horsforth,Yorkshire and The Humber,Northern Trains,HRS,889978,360482,379520,149976,3995,593
Haddenham and Thame Parkway,South East,Chiltern Railways,HDM,888752,373884,326232,188636,0,594
Lichfield Trent Valley,West Midlands,West Midlands Trains (West Midlands Railway),LTV,887958,134648,479970,273340,83390,595
Bootle New Strand,North West,Merseyrail,BNW,885026,197704,534666,152656,0,596
Wembley Stadium,London,Chiltern Railways,WCX,884860,200710,639796,44354,0,597
Ponders End,London,Greater Anglia,PON,884028,307144,483224,93660,0,598
Ashford (Surrey),South East,South Western Railway,AFS,882266,243976,455434,182856,0,599
Lea Bridge,London,Greater Anglia,LEB,877314,304782,437248,135284,0,600
Esher,South East,South Western Railway,ESH,877074,298516,373182,205376,0,601
Whitstable,South East,Southeastern,WHI,876818,143136,521354,212328,0,602
Brookwood,South East,South Western Railway,BKO,874760,352812,360056,161892,54611,603
Barnes Bridge,London,South Western Railway,BNI,872264,320532,410574,141158,0,604
Rutherglen,Scotland,ScotRail,RUT,871338,280058,471736,119544,0,605
London Road (Guildford),South East,South Western Railway,LRD,868894,269582,478340,120972,0,606
Syon Lane,London,South Western Railway,SYL,868730,443592,279256,145882,0,607
West Dulwich,London,Southeastern,WDU,864428,332682,411776,119970,0,608
Hampden Park (Sussex),South East,Govia Thameslink Railway (Southern),HMD,861166,193310,407686,260170,185554,609
Cricklewood,London,Govia Thameslink Railway (Thameslink),CRI,859464,264894,455438,139132,0,610
Greenhithe for Bluewater,South East,Southeastern,GNH,856592,317864,287604,251124,0,611
Kirkcaldy,Scotland,ScotRail,KDY,856236,286618,519446,50172,19552,612
Perth,Scotland,ScotRail,PTH,853236,250700,568924,33612,110940,613
Kings Lynn,East of England,Govia Thameslink Railway (Great Northern),KLN,853200,214344,572010,66846,410,614
Seaforth and Litherland,North West,Merseyrail,SFL,852056,189136,529186,133734,0,615
St Ives (Cornwall),South West,Great Western Railway,SIV,850992,11890,836694,2408,0,616
Upper Warlingham,South East,Govia Thameslink Railway (Southern),UWL,850836,358814,347124,144898,0,617
Hounslow,London,South Western Railway,HOU,850306,292876,409636,147794,1382,618
Brunswick,North West,Merseyrail,BRW,847394,300876,371524,174994,0,619
Sanderstead,London,Govia Thameslink Railway (Southern),SNR,844182,334090,381876,128216,0,620
Angmering,South East,Govia Thameslink Railway (Southern),ANG,843312,191328,454642,197342,0,621
St Johns (London),London,Southeastern,SAJ,842382,283250,337652,221480,0,622
High Street (Glasgow),Scotland,ScotRail,HST,841292,293918,451748,95626,0,623
Stratford-Upon-Avon,West Midlands,West Midlands Trains (West Midlands Railway),SAV,840832,148462,429608,262762,112,624
Stalybridge,North West,TransPennine Express,SYB,840136,288258,399896,151982,54442,625
Neath,Wales,TfW Rail,NTH,838778,427092,353202,58484,0,626
Clacton-on-Sea,East of England,Greater Anglia,CLT,836512,166824,474916,194772,0,627
Henley-On-Thames,South East,Great Western Railway,HOT,835354,275166,416096,144092,0,628
Dorking (Main),South East,Govia Thameslink Railway (Southern),DKG,834808,227600,480456,126752,49192,629
Herne Bay,South East,Southeastern,HNB,834602,151874,358434,324294,0,630
Cambuslang,Scotland,ScotRail,CBL,831150,292812,425710,112628,54701,631
Dorridge,West Midlands,Chiltern Railways,DDG,824680,178936,422692,223052,0,632
Falconwood,London,Southeastern,FCN,823276,327418,373294,122564,0,633
Bicester North,South East,Chiltern Railways,BCS,822816,204180,493762,124874,4264,634
Motspur Park,London,South Western Railway,MOT,822372,301872,384132,136368,7759,635
Hockley,East of England,Greater Anglia,HOC,818190,308626,266616,242948,0,636
Clifton Down,South West,Great Western Railway,CFN,817690,557198,142670,117822,0,637
Folkestone Central,South East,Southeastern,FKC,817324,136002,501206,180116,601,638
Salford Central,North West,Northern Trains,SFD,814746,222622,453216,138908,0,639
Kent House,London,Southeastern,KTH,814336,326766,368958,118612,0,640
Audley End,East of England,Greater Anglia,AUD,814130,229064,411324,173742,5000,641
Larbert,Scotland,ScotRail,LBT,812100,322316,427144,62640,0,642
Hampton Wick,London,South Western Railway,HMW,810634,303996,429156,77482,0,643
Airdrie,Scotland,ScotRail,ADR,809690,273318,413224,123148,0,644
Stoneleigh,South East,South Western Railway,SNL,807086,331604,383738,91744,0,645
Queenstown Road (Battersea),London,South Western Railway,QRB,806010,258816,430910,116284,0,646
Littlehampton,South East,Govia Thameslink Railway (Southern),LIT,804446,146162,423290,234994,890,647
Brixton,London,Southeastern,BRX,804378,276440,359078,168860,0,648
Tooting,London,Govia Thameslink Railway (Thameslink),TOO,803666,302860,339440,161366,0,649
Bridgeton,Scotland,ScotRail,BDG,802898,281120,411688,110090,0,650
Elmers End,London,Southeastern,ELE,802120,302618,371620,127882,0,651
Northallerton,Yorkshire and The Humber,TransPennine Express,NTR,797766,73078,678964,45724,0,652
Totnes,South West,Great Western Railway,TOT,797324,56480,646942,93902,0,653
Ayr,Scotland,ScotRail,AYR,795560,293648,449788,52124,38459,654
Broadstairs,South East,Southeastern,BSR,794074,129992,518376,145706,0,655
West Wickham,London,Southeastern,WWI,792638,329872,392872,69894,0,656
New Pudsey,Yorkshire and The Humber,Northern Trains,NPD,789024,360176,310050,118798,0,657
Tring,East of England,West Midlands Trains (London Northwestern Railway),TRI,787982,248196,438930,100856,0,658
Carshalton Beeches,London,Govia Thameslink Railway (Southern),CSB,786788,327114,377414,82260,0,659
Lower Sydenham,London,Southeastern,LSY,786602,252098,403610,130894,0,660
Kilwinning,Scotland,ScotRail,KWN,781106,252970,435288,92848,83979,661
Chalfont and Latimer,South East,London Underground,CFO,780010,313816,452536,13658,0,662
Pontypridd,Wales,TfW Rail,PPD,779980,593530,37012,149438,32696,663
Ingatestone,East of England,Greater Anglia,INT,779214,266614,171106,341494,0,664
Catford,London,Govia Thameslink Railway (Thameslink),CTF,777398,318520,285080,173798,187837,665
Lichfield City,West Midlands,West Midlands Trains (West Midlands Railway),LIC,777334,282824,287856,206654,0,666
Albany Park,London,Southeastern,AYP,775024,348426,327736,98862,0,667
Falkirk High,Scotland,ScotRail,FKK,773200,308548,398678,65974,3274,668
Dalmuir,Scotland,ScotRail,DMR,767842,259726,386276,121840,4218,669
Milngavie,Scotland,ScotRail,MLN,762998,261552,435676,65770,0,670
Thames Ditton,South East,South Western Railway,THD,760682,337392,329128,94162,0,671
Teignmouth,South West,Great Western Railway,TGM,760568,154680,474456,131432,0,672
Bishopbriggs,Scotland,ScotRail,BBG,758698,258638,432404,67656,0,673
Kilburn High Road,London,London Overground,KBN,758448,161588,504636,92224,0,674
Burley Park,Yorkshire and The Humber,Northern Trains,BUY,756200,213998,467086,75116,0,675
Cardiff Bay,Wales,TfW Rail,CDB,755714,564988,52330,138396,0,676
Beverley,Yorkshire and The Humber,Northern Trains,BEV,754186,75352,592364,86470,12,677
Weymouth,South West,South Western Railway,WEY,751302,133124,601784,16394,28590,678
Theobalds Grove,East of England,London Overground,TEO,751174,270286,427220,53668,0,679
Saltaire,Yorkshire and The Humber,Northern Trains,SAE,748546,264372,321630,162544,0,680
South Acton,London,London Overground,SAT,747478,288626,366304,92548,0,681
Stanford-Le-Hope,East of England,c2c,SFO,744904,266082,338296,140526,0,682
Merstham,South East,Govia Thameslink Railway (Southern),MHM,744448,280700,322294,141454,0,683
Bellgrove,Scotland,ScotRail,BLG,744374,289222,383268,71884,25024,684
Erith,London,Southeastern,ERH,740404,261608,352336,126460,0,685
Glossop,East Midlands,Northern Trains,GLO,739966,252128,262218,225620,0,686
Bickley,London,Southeastern,BKL,738246,308908,324732,104606,3599,687
Runcorn,North West,Avanti West Coast,RUN,731962,209878,492762,29322,53679,688
Staplehurst,South East,Southeastern,SPU,731008,142660,411936,176412,0,689
North Dulwich,London,Govia Thameslink Railway (Southern),NDL,730666,284818,347060,98788,0,690
Hooton,North West,Merseyrail,HOO,729906,384376,203884,141646,94154,691
Drayton Park,London,Govia Thameslink Railway (Great Northern),DYP,728922,305720,361942,61260,0,692
Queens Park (Glasgow),Scotland,ScotRail,QPK,728778,259894,410910,57974,0,693
Hersham,South East,South Western Railway,HER,722278,259352,276462,186464,0,694
New Beckenham,London,Southeastern,NBC,721184,274586,376314,70284,0,695
Bangor (Gwynedd),Wales,TfW Rail,BNG,720066,168188,512830,39048,610,696
Lenzie,Scotland,ScotRail,LNZ,719886,259086,381488,79312,0,697
Cradley Heath,West Midlands,West Midlands Trains (West Midlands Railway),CRA,719310,185840,313208,220262,0,698
Todmorden,Yorkshire and The Humber,Northern Trains,TOD,718118,203146,393892,121080,0,699
Chorley,North West,Northern Trains,CRL,716034,129788,497146,89100,0,700
Penrith (North Lakes),North West,Avanti West Coast,PNR,715822,0,623306,92516,208586,701
Hartlepool,North East,Northern Trains,HPL,713672,95448,558870,59354,3344,702
Trefforest,Wales,TfW Rail,TRF,712434,606222,33062,73150,0,703
Crossmyloof,Scotland,ScotRail,CMY,710384,298944,346974,64466,0,704
Sunderland,North East,Northern Trains,SUN,709098,151544,499558,57996,5702,705
Berwick-Upon-Tweed,North East,London North Eastern Railway,BWK,707310,0,695168,12142,14439,706
Seaford (Sussex),South East,Govia Thameslink Railway (Southern),SEF,707298,149746,423300,134252,0,707
Chiswick,London,South Western Railway,CHK,707048,253226,337440,116382,0,708
Paignton,South West,Great Western Railway,PGN,707018,93318,530854,82846,24,709
Uddingston,Scotland,ScotRail,UDD,702066,255524,362632,83910,0,710
Bishopton (Renfrewshire),Scotland,ScotRail,BPT,701908,218790,392276,90842,0,711
Diss,East of England,Greater Anglia,DIS,701420,149908,476856,74656,0,712
Four Oaks,West Midlands,West Midlands Trains (West Midlands Railway),FOK,701024,191680,289672,219672,0,713
Crofton Park,London,Govia Thameslink Railway (Thameslink),CFT,699392,305808,312404,81180,0,714
Essex Road,London,Govia Thameslink Railway (Great Northern),EXR,697932,276276,342782,78874,0,715
Smethwick Galton Bridge,West Midlands,West Midlands Trains (West Midlands Railway),SGB,697590,250246,263072,184272,493769,716
Belvedere,London,Southeastern,BVD,696406,231622,350016,114768,0,717
Polmont,Scotland,ScotRail,PMT,696294,277354,354014,64926,0,718
Bromsgrove,West Midlands,West Midlands Trains (West Midlands Railway),BMV,695994,299654,223594,172746,0,719
Hatch End,London,London Overground,HTE,695916,162238,510804,22874,0,720
Selby,Yorkshire and The Humber,TransPennine Express,SBY,695840,92040,542228,61572,29440,721
Huyton,North West,Northern Trains,HUY,694522,206778,351520,136224,23207,722
Sydenham Hill,London,Southeastern,SYH,694346,272078,294646,127622,0,723
Filton Abbey Wood,South West,Great Western Railway,FIT,693586,355688,292246,45652,0,724
Bootle Oriel Road,North West,Merseyrail,BOT,691544,154482,417778,119284,0,725
Arlesey,East of England,Govia Thameslink Railway (Great Northern),ARL,688476,260242,314520,113714,0,726
Strawberry Hill,London,South Western Railway,STW,687594,273416,348920,65258,518,727
Hamilton Central,Scotland,ScotRail,HNC,686520,220440,373302,92778,6116,728
Rock Ferry,North West,Merseyrail,RFY,686206,298836,295244,92126,0,729
Penzance,South West,Great Western Railway,PNZ,685470,49088,593000,43382,4548,730
Irvine,Scotland,ScotRail,IRV,685016,226212,392254,66550,0,731
Wrexham General,Wales,TfW Rail,WRX,684566,301294,360506,22766,12693,732
Hamilton West,Scotland,ScotRail,HNW,683164,241024,353092,89048,0,733
Tiverton Parkway,South West,Great Western Railway,TVP,682906,80678,539302,62926,0,734
Sandy,East of England,Govia Thameslink Railway (Great Northern),SDY,679484,232544,377888,69052,0,735
Port Sunlight,North West,Merseyrail,PSL,678432,234216,348210,96006,0,736
Wellington (Shropshire),West Midlands,West Midlands Trains (West Midlands Railway),WLN,676396,314092,232670,129634,0,737
Stamford Hill,London,London Overground,SMH,676276,215340,363182,97754,0,738
Brent Cross West,London,Govia Thameslink Railway (Thameslink),BCZ,675392,228538,345386,101468,0,739
Oxenholme Lake District,North West,Avanti West Coast,OXN,675144,0,662020,13124,701346,740
Westerton,Scotland,ScotRail,WES,674870,216756,378434,79680,26787,741
West Worthing,South East,Govia Thameslink Railway (Southern),WWO,672120,143712,402452,125956,0,742
Helensburgh Central,Scotland,ScotRail,HLC,671306,212744,389466,69096,0,743
Rochford,East of England,Greater Anglia,RFD,671248,267518,237122,166608,0,744
Birkenhead Park,North West,Merseyrail,BKP,669528,296198,295434,77896,0,745
St Helens Central,North West,Northern Trains,SNH,669452,229460,302490,137502,0,746
Thorpe Bay,East of England,c2c,TPB,667938,250958,298616,118364,0,747
Cuffley,East of England,Govia Thameslink Railway (Great Northern),CUF,662862,273924,339194,49744,0,748
Thornaby,North East,TransPennine Express,TBY,659792,82740,511244,65808,60295,749
Chester Road,West Midlands,West Midlands Trains (West Midlands Railway),CRD,658658,215304,275676,167678,0,750
Menston,Yorkshire and The Humber,Northern Trains,MNN,658260,233852,199984,224424,0,751
Stroud (Gloucs),South West,Great Western Railway,STD,655356,182490,379330,93536,0,752
Oxford Parkway,South East,Chiltern Railways,OXP,654542,130808,484300,39434,0,753
Long Eaton,East Midlands,East Midlands Railway,LGE,651792,343030,247430,61332,11535,754
Shettleston,Scotland,ScotRail,SLS,651582,221226,333370,96986,0,755
Cheadle Hulme,North West,Northern Trains,CHU,650726,219900,308758,122068,6324,756
Virginia Water,South East,South Western Railway,VIR,649794,189672,382618,77504,94411,757
Birkenhead Central,North West,Merseyrail,BKC,644332,241440,311760,91132,0,758
Bellshill,Scotland,ScotRail,BLH,643576,239638,312488,91450,85124,759
South Kenton,London,London Underground,SOK,643152,175818,385618,81716,0,760
Northfield,West Midlands,West Midlands Trains (West Midlands Railway),NFD,643106,207450,252044,183612,0,761
Hillside,North West,Merseyrail,HIL,641590,113484,445222,82884,0,762
Chertsey,South East,South Western Railway,CHY,638340,187482,188316,262542,0,763
Penge West,London,London Overground,PNW,634966,193362,380016,61588,0,764
South Bermondsey,London,Govia Thameslink Railway (Southern),SBM,632694,177584,310036,145074,0,765
MetroCentre,North East,Northern Trains,MCE,632322,83568,485700,63054,0,766
Tame Bridge Parkway,West Midlands,West Midlands Trains (West Midlands Railway),TAB,632172,214162,284016,133994,42805,767
Braintree,East of England,Greater Anglia,BTR,630814,175770,249782,205262,0,768
Conway Park,North West,Merseyrail,CNP,630102,183210,322478,124414,0,769
Poulton-Le-Fylde,North West,Northern Trains,PFY,630046,80006,513482,36558,0,770
Heaton Chapel,North West,Northern Trains,HTC,623242,261092,226110,136040,0,771
Bellingham,London,Govia Thameslink Railway (Thameslink),BGM,623114,231952,242956,148206,0,772
Caerphilly,Wales,TfW Rail,CPH,623058,482020,37980,103058,0,773
Morpeth,North East,Northern Trains,MPT,622614,105494,491984,25136,1620,774
Warwick,West Midlands,Chiltern Railways,WRW,619458,198692,305592,115174,0,775
Newark Castle,East Midlands,East Midlands Railway,NCT,618574,129358,433274,55942,33213,776
Maghull North,North West,Merseyrail,MNS,613510,165576,358964,88970,0,777
Aston,West Midlands,West Midlands Trains (West Midlands Railway),AST,613448,212760,270020,130668,28082,778
Port Talbot Parkway,Wales,TfW Rail,PTA,612070,324264,246340,41466,0,779
Rhyl,Wales,TfW Rail,RHL,611984,231710,328098,52176,0,780
Falkirk Grahamston,Scotland,ScotRail,FKG,611856,244164,315486,52206,119884,781
Wakefield Kirkgate,Yorkshire and The Humber,Northern Trains,WKK,611788,149636,395456,66696,209305,782
Wandsworth Road,London,London Overground,WWR,610410,219050,287964,103396,0,783
Newton (Lanark),Scotland,ScotRail,NTN,609912,204156,312894,92862,55407,784
Barnstaple,South West,Great Western Railway,BNP,608780,100704,337950,170126,0,785
Liphook,South East,South Western Railway,LIP,608654,118278,207890,282486,0,786
Burley-In-Wharfedale,Yorkshire and The Humber,Northern Trains,BUW,606872,172178,153186,281508,0,787
Beeston,East Midlands,East Midlands Railway,BEE,606570,296066,255130,55374,35371,788
Knaresborough,Yorkshire and The Humber,Northern Trains,KNA,605486,124670,412386,68430,0,789
Waddon,London,Govia Thameslink Railway (Southern),WDO,604552,231624,265768,107160,0,790
Retford,East Midlands,London North Eastern Railway,RET,602590,67908,499236,35446,104595,791
Barry,Wales,TfW Rail,BRY,600062,436662,44010,119390,4288,792
Kelvedon,East of England,Greater Anglia,KEL,599812,183394,191558,224860,0,793
Aigburth,North West,Merseyrail,AIG,597462,146788,352898,97776,0,794
Sunningdale,South East,South Western Railway,SNG,597214,203540,335278,58396,0,795
Steeton and Silsden,Yorkshire and The Humber,Northern Trains,SON,594902,181486,272270,141146,0,796
Chelsfield,London,Southeastern,CLD,593350,313560,167308,112482,0,797
Alton,South East,South Western Railway,AON,590922,185460,295582,109880,0,798
Barrow-In-Furness,North West,Northern Trains,BIF,589658,100668,441312,47678,24412,799
Freshfield,North West,Merseyrail,FRE,589314,117092,401940,70282,0,800
Marston Green,West Midlands,West Midlands Trains (West Midlands Railway),MGN,589260,166464,257604,165192,0,801
Caterham,South East,Govia Thameslink Railway (Southern),CAT,584834,219542,258764,106528,0,802
Leuchars (For St. Andrews),Scotland,ScotRail,LEU,584032,133106,443790,7136,0,803
Burnley Manchester Road,North West,Northern Trains,BYM,583322,187866,345942,49514,14982,804
East Kilbride,Scotland,ScotRail,EKL,582794,202358,318604,61832,0,805
Dawlish,South West,Great Western Railway,DWL,580660,105640,391742,83278,0,806
Headcorn,South East,Southeastern,HCN,578394,119692,303966,154736,0,807
Worcester Shrub Hill,West Midlands,West Midlands Trains (West Midlands Railway),WOS,577194,181436,246368,149390,122921,808
Tolworth,London,South Western Railway,TOL,575870,235354,249394,91122,0,809
Purfleet,East of England,c2c,PFL,572914,220882,260948,91084,0,810
Dunfermline City,Scotland,ScotRail,DFE,569702,211080,324740,33882,0,811
Baldock,East of England,Govia Thameslink Railway (Great Northern),BDK,568602,207890,264966,95746,0,812
Farncombe,South East,South Western Railway,FNC,568436,211884,232902,123650,0,813
North Berwick,Scotland,ScotRail,NBW,566242,223882,317090,25270,0,814
Keynsham,South West,Great Western Railway,KYN,566218,222534,300300,43384,0,815
Swanwick,South East,South Western Railway,SNW,562910,193470,290106,79334,0,816
Maidstone West,South East,Southeastern,MDW,561432,151514,255578,154340,71567,817
Corby,East Midlands,East Midlands Railway,COR,561182,100396,410940,49846,471,818
Garforth,Yorkshire and The Humber,Northern Trains,GRF,561056,195832,289330,75894,0,819
Edinburgh Park,Scotland,ScotRail,EDP,558812,300186,222866,35760,0,820
Eden Park,London,Southeastern,EDN,558530,231254,280294,46982,0,821
Ellesmere Port,North West,Merseyrail,ELP,556188,154208,332136,69844,154,822
New Milton,South East,South Western Railway,NWM,555078,129566,371342,54170,0,823
Barrhead,Scotland,ScotRail,BRR,553018,180980,276864,95174,0,824
Moreton (Merseyside),North West,Merseyrail,MRT,552768,190244,277208,85316,0,825
Brough,Yorkshire and The Humber,TransPennine Express,BUH,551506,57598,459074,34834,10742,826
Stansted Mountfitchet,East of England,Greater Anglia,SST,551240,240696,217102,93442,11591,827
Horwich Parkway,North West,Transport for Greater Manchester,HWI,549902,148488,302880,98534,0,828
Goring-By-Sea,South East,Govia Thameslink Railway (Southern),GBS,549464,139740,241286,168438,0,829
Bridlington,Yorkshire and The Humber,Northern Trains,BDT,546078,42826,479238,24014,1203,830
Cathcart,Scotland,ScotRail,CCT,544872,181784,284528,78560,1600,831
Westbury,South West,Great Western Railway,WSB,543050,151826,350030,41194,264345,832
Tile Hill,West Midlands,West Midlands Trains (West Midlands Railway),THL,541526,144914,257032,139580,0,833
Shoeburyness,East of England,c2c,SRY,540912,145988,267390,127534,0,834
Bradford-On-Avon,South West,Great Western Railway,BOA,532216,220796,278944,32476,5217,835
Bromborough,North West,Merseyrail,BOM,530726,227568,239676,63482,0,836
Cressington,North West,Merseyrail,CSG,530514,98132,327292,105090,0,837
Deal,South East,Southeastern,DEA,529856,88114,347024,94718,0,838
Taplow,South East,Elizabeth line,TAP,528968,170990,283750,74228,0,839
Alloa,Scotland,ScotRail,ALO,528768,175966,305718,47084,0,840
Yatton,South West,Great Western Railway,YAT,527348,149116,283356,94876,0,841
St Austell,South West,Great Western Railway,SAU,525828,67842,392396,65590,0,842
Bowes Park,London,Govia Thameslink Railway (Great Northern),BOP,524702,205682,245276,73744,0,843
Leasowe,North West,Merseyrail,LSW,520920,195822,244800,80298,0,844
Wylde Green,West Midlands,West Midlands Trains (West Midlands Railway),WYL,520686,153188,223024,144474,0,845
Coseley,West Midlands,West Midlands Trains (West Midlands Railway),CSY,519672,131234,231914,156524,0,846
Droitwich Spa,West Midlands,West Midlands Trains (West Midlands Railway),DTW,519318,259108,134728,125482,64673,847
Hazel Grove,North West,Northern Trains,HAZ,518622,140708,305044,72870,568,848
Apsley,East of England,West Midlands Trains (London Northwestern Railway),APS,518088,189876,259740,68472,0,849
Claygate,South East,South Western Railway,CLG,516838,185468,201928,129442,0,850
Headstone Lane,London,London Overground,HDL,516542,142650,329514,44378,0,851
Worksop,East Midlands,Northern Trains,WRK,515488,127494,353088,34906,33938,852
Hurst Green,South East,Govia Thameslink Railway (Southern),HUR,515280,134212,174204,206864,47862,853
Princes Risborough,South East,Chiltern Railways,PRR,513436,223504,183554,106378,113434,854
Battle,South East,Southeastern,BAT,511760,103802,285840,122118,0,855
Cobham and Stoke D'abernon,South East,South Western Railway,CSD,508614,185750,240830,82034,0,856
Torquay,South West,Great Western Railway,TQY,508086,53460,388152,66474,1174,857
Penarth,Wales,TfW Rail,PEN,507526,368774,46238,92514,0,858
Kings Langley,East of England,West Midlands Trains (London Northwestern Railway),KGL,507206,179258,257666,70282,0,859
Durrington-On-Sea,South East,Govia Thameslink Railway (Southern),DUR,506616,142510,265882,98224,0,860
Dorking (Deepdene),South East,Great Western Railway,DPD,506136,137992,291296,76848,67097,861
Accrington,North West,Northern Trains,ACR,503794,128150,306466,69178,0,862
Wallasey Grove Road,North West,Merseyrail,WLG,498762,175954,251490,71318,0,863
Troon,Scotland,ScotRail,TRN,498042,197022,272674,28346,7100,864
Bache,North West,Merseyrail,BAC,495366,143806,327064,24496,0,865
Meridian Water,London,Greater Anglia,MRW,494354,123388,326628,44338,0,866
Hagley,West Midlands,West Midlands Trains (West Midlands Railway),HAG,494246,66398,63166,364682,0,867
Chorleywood,East of England,London Underground,CLW,493600,201202,281424,10974,0,868
Warwick Parkway,West Midlands,Chiltern Railways,WRP,493384,122702,343130,27552,0,869
Grange Park,London,Govia Thameslink Railway (Great Northern),GPK,493126,203098,253898,36130,0,870
Ewell East,South East,Govia Thameslink Railway (Southern),EWE,490410,220476,211078,58856,0,871
Dalmeny,Scotland,ScotRail,DAM,488872,203576,223114,62182,0,872
Chessington North,London,South Western Railway,CSN,488812,191664,229222,67926,0,873
Patterton,Scotland,ScotRail,PTT,488400,122044,179744,186612,0,874
Uphall,Scotland,ScotRail,UHA,488056,224016,224034,40006,0,875
Hook,South East,South Western Railway,HOK,487728,140534,237988,109206,0,876
Castleford,Yorkshire and The Humber,Northern Trains,CFD,487384,229296,188772,69316,29455,877
Bridgwater,South West,Great Western Railway,BWT,486562,152600,307968,25994,0,878
Marden (Kent),South East,Southeastern,MRN,485824,92450,251126,142248,0,879
Christchurch,South West,South Western Railway,CHR,484080,125698,305036,53346,0,880
Malden Manor,London,South Western Railway,MAL,484006,190224,205540,88242,0,881
Dumbarton Central,Scotland,ScotRail,DBC,483282,151754,270252,61276,63659,882
Farnborough North,South East,Great Western Railway,FNN,483280,166486,227052,89742,0,883
Reading West,South East,Great Western Railway,RDW,481548,221408,196390,63750,15434,884
Erdington,West Midlands,West Midlands Trains (West Midlands Railway),ERD,481364,140172,204400,136792,0,885
Purley Oaks,London,Govia Thameslink Railway (Southern),PUO,480890,177986,242206,60698,0,886
Stonehaven,Scotland,ScotRail,STN,480362,151774,307162,21426,0,887
Rye (Sussex),South East,Govia Thameslink Railway (Southern),RYE,480232,75706,314868,89658,0,888
South Hampstead,London,London Overground,SOH,477560,127226,269544,80790,0,889
Nailsea and Backwell,South West,Great Western Railway,NLS,476312,172164,208224,95924,0,890
Cross Gates,Yorkshire and The Humber,Northern Trains,CRG,474490,197120,183686,93684,0,891
Marks Tey,East of England,Greater Anglia,MKT,474352,164496,154412,155444,339446,892
Coatbridge Sunnyside,Scotland,ScotRail,CBS,472270,166464,236662,69144,0,893
Levenshulme,North West,Northern Trains,LVM,472012,172052,209708,90252,0,894
Sawbridgeworth,East of England,Greater Anglia,SAW,471296,207916,188416,74964,0,895
East Worthing,South East,Govia Thameslink Railway (Southern),EWR,470512,93706,154978,221828,0,896
Hoylake,North West,Merseyrail,HYK,470456,148986,260312,61158,0,897
Wallasey Village,North West,Merseyrail,WLV,469056,171482,225590,71984,0,898
Lowestoft,East of England,Greater Anglia,LWT,468156,110132,319072,38952,9861,899
Kilmarnock,Scotland,ScotRail,KMK,467114,171050,269100,26964,6916,900
Wivelsfield,South East,Govia Thameslink Railway (Southern),WVF,467022,136414,220572,110036,23506,901
Dorchester South,South West,South Western Railway,DCH,466422,100316,351786,14320,562,902
Thatcham,South East,Great Western Railway,THA,464916,135504,242804,86608,0,903
Rotherham Central,Yorkshire and The Humber,Northern Trains,RMC,463418,141458,263302,58658,3179,904
Olton,West Midlands,West Midlands Trains (West Midlands Railway),OLT,462908,154196,206598,102114,0,905
Dalmarnock,Scotland,ScotRail,DAK,462014,158836,243112,60066,0,906
Musselburgh,Scotland,ScotRail,MUB,461092,260082,170984,30026,0,907
Hornbeam Park,Yorkshire and The Humber,Northern Trains,HBP,458274,125770,190268,142236,0,908
Romsey,South East,South Western Railway,ROM,456802,109510,290298,56994,0,909
Worcestershire Parkway,West Midlands,Great Western Railway,WOP,456184,159114,267832,29238,133875,910
Llandudno,Wales,TfW Rail,LLD,456052,161044,271402,23606,0,911
Apperley Bridge,Yorkshire and The Humber,Northern Trains,APY,455666,122192,270114,63360,0,912
Whittlesford Parkway,East of England,Greater Anglia,WLF,454262,124806,233140,96316,0,913
Canley,West Midlands,West Midlands Trains (West Midlands Railway),CNL,453276,121502,224408,107366,0,914
Dunblane,Scotland,ScotRail,DBL,451060,173116,256686,21258,0,915
Leyland,North West,Northern Trains,LEY,450718,104828,304252,41638,0,916
Radyr,Wales,TfW Rail,RDR,450356,343162,28052,79142,67009,917
Oxshott,South East,South Western Railway,OXS,449494,150676,197090,101728,0,918
Billingshurst,South East,Govia Thameslink Railway (Southern),BIG,447136,121344,219450,106342,0,919
Jewellery Quarter,West Midlands,West Midlands Trains (West Midlands Railway),JEQ,446292,161064,166974,118254,0,920
Barry Island,Wales,TfW Rail,BYI,446058,303588,34142,108328,0,921
Otford,South East,Southeastern,OTF,445500,109230,243590,92680,48704,922
Kemble,South West,Great Western Railway,KEM,444760,38226,365182,41352,0,923
St Erth,South West,Great Western Railway,SER,444754,22340,410170,12244,265787,924
Moulsecoomb,South East,Govia Thameslink Railway (Southern),MCB,444586,151122,240082,53382,0,925
Balloch,Scotland,ScotRail,BHC,444334,169282,243710,31342,0,926
Lea Hall,West Midlands,West Midlands Trains (West Midlands Railway),LEH,442584,144268,177830,120486,0,927
Crossflatts,Yorkshire and The Humber,Northern Trains,CFL,442214,117706,150340,174168,0,928
Downham Market,East of England,Govia Thameslink Railway (Great Northern),DOW,440550,126844,234812,78894,0,929
Carmarthen,Wales,TfW Rail,CMN,439846,130848,284832,24166,10963,930
Great Yarmouth,East of England,Greater Anglia,GYM,439660,69532,362984,7144,164,931
Sheerness-On-Sea,South East,Southeastern,SSS,439094,149662,183164,106268,0,932
Longfield,South East,Southeastern,LGF,438942,125304,200064,113574,0,933
Grimsby Town,Yorkshire and The Humber,TransPennine Express,GMB,438712,49278,380866,8568,20434,934
Borough Green and Wrotham,South East,Southeastern,BRG,438368,134486,194014,109868,0,935
Fulwell,London,South Western Railway,FLW,437388,191298,192868,53222,0,936
Birchwood,North West,Northern Trains,BWD,437172,212666,148344,76162,0,937
Knebworth,East of England,Govia Thameslink Railway (Great Northern),KBW,436866,198404,168042,70420,0,938
Hairmyres,Scotland,ScotRail,HMY,436178,184990,205254,45934,0,939
Rye House,East of England,Greater Anglia,RYH,436060,180248,210328,45484,0,940
Frizinghall,Yorkshire and The Humber,Northern Trains,FZH,433232,96162,126002,211068,0,941
Hythe (Essex),East of England,Greater Anglia,HYH,433168,118240,266070,48858,0,942
Martins Heron,South East,South Western Railway,MAO,432940,132228,237924,62788,0,943
Cwmbran,Wales,TfW Rail,CWM,431856,239850,117656,74350,0,944
Hexham,North East,Northern Trains,HEX,431278,52970,350818,27490,5679,945
Scotstounhill,Scotland,ScotRail,SCH,430906,149112,218420,63374,0,946
Llandaf,Wales,TfW Rail,LLN,430768,325232,27510,78026,0,947
Newhaven Town,South East,Govia Thameslink Railway (Southern),NVN,430560,124362,209268,96930,0,948
Great Malvern,West Midlands,West Midlands Trains (West Midlands Railway),GMV,428770,144122,179538,105110,427,949
Widnes,North West,Northern Trains,WID,428030,163120,240556,24354,0,950
Earley,South East,South Western Railway,EAR,425632,129246,226822,69564,0,951
Dagenham Dock,London,c2c,DDK,424946,175960,194048,54938,0,952
Heath High Level,Wales,TfW Rail,HHL,424834,320128,23928,80778,0,953
Abergavenny,Wales,TfW Rail,AGV,423316,182910,188276,52130,0,954
Rice Lane,North West,Merseyrail,RIL,422834,85354,209080,128400,0,955
Heald Green,North West,Northern Trains,HDG,420190,157680,202494,60016,3886,956
Anderston,Scotland,ScotRail,AND,419400,171298,182168,65934,0,957
Axminster,South West,South Western Railway,AXM,417946,31882,295822,90242,0,958
Acocks Green,West Midlands,West Midlands Trains (West Midlands Railway),ACG,417750,131358,177132,109260,0,959
Sowerby Bridge,Yorkshire and The Humber,Northern Trains,SOW,417306,150674,202180,64452,0,960
Stechford,West Midlands,West Midlands Trains (West Midlands Railway),SCF,417294,126536,161204,129554,0,961
Dunbar,Scotland,ScotRail,DUN,416356,37008,361184,18164,0,962
Broad Green,North West,Northern Trains,BGE,415724,172420,138374,104930,0,963
Redruth,South West,Great Western Railway,RED,415576,53730,310858,50988,0,964
Lingfield,South East,Govia Thameslink Railway (Southern),LFD,415280,105070,147990,162220,0,965
Meols,North West,Merseyrail,MEO,414164,146810,227032,40322,0,966
Blantyre,Scotland,ScotRail,BLT,413806,141856,222254,49696,0,967
Merthyr Tydfil,Wales,TfW Rail,MER,412970,299772,30306,82892,0,968
West Horndon,East of England,c2c,WHR,411970,190144,163866,57960,0,969
Redcar Central,North East,Northern Trains,RCC,411366,54234,324204,32928,0,970
Town Green,North West,Merseyrail,TWN,409698,89718,268820,51160,0,971
Yardley Wood,West Midlands,West Midlands Trains (West Midlands Railway),YRD,409064,127408,164668,116988,0,972
Byfleet and New Haw,South East,South Western Railway,BFN,408252,148000,196982,63270,0,973
Mitcham Junction,London,Govia Thameslink Railway (Southern),MIJ,408018,137386,177506,93126,0,974
Tweedbank,Scotland,ScotRail,TWB,405824,161542,236366,7916,0,975
Wishaw,Scotland,ScotRail,WSH,405264,147150,207882,50232,0,976
Smethwick Rolfe Street,West Midlands,West Midlands Trains (West Midlands Railway),SMR,403964,137016,164480,102468,27,977
Windermere,North West,Northern Trains,WDM,402704,0,391636,11068,0,978
Hedge End,South East,South Western Railway,HDE,402116,97600,231600,72916,0,979
Gourock,Scotland,ScotRail,GRK,400706,151484,219018,30204,0,980
Lea Green,North West,Northern Trains,LEG,400690,127228,227164,46298,0,981
Bearsden,Scotland,ScotRail,BRN,399528,150438,211202,37888,0,982
Great Missenden,South East,Chiltern Railways,GMN,399198,199898,134554,64746,0,983
Kirkham and Wesham,North West,Northern Trains,KKM,397926,80260,275678,41988,6044,984
Worle,South West,Great Western Railway,WOR,397542,159478,212538,25526,0,985
Skegness,East Midlands,East Midlands Railway,SKG,397520,83782,310144,3594,0,986
Llandudno Junction,Wales,TfW Rail,LLJ,397122,116310,257712,23100,161394,987
Llanelli,Wales,TfW Rail,LLE,392682,135822,217838,39022,23059,988
London Road (Brighton),South East,Govia Thameslink Railway (Southern),LRB,391726,132156,223586,35984,0,989
Headingley,Yorkshire and The Humber,Northern Trains,HDY,391286,157770,181722,51794,0,990
Port Glasgow,Scotland,ScotRail,PTG,390992,117096,219118,54778,9767,991
Sunbury,South East,South Western Railway,SUU,390536,122714,176638,91184,0,992
Theale,South East,Great Western Railway,THE,390508,136622,176152,77734,0,993
Gravelly Hill,West Midlands,West Midlands Trains (West Midlands Railway),GVH,390286,118530,135458,136298,0,994
Warrington West,North West,Northern Trains,WAW,388970,121564,242698,24708,3661,995
Brighouse,Yorkshire and The Humber,Northern Trains,BGH,387592,110368,238010,39214,36630,996
Welwyn North,East of England,Govia Thameslink Railway (Great Northern),WLW,386640,150502,183892,52246,0,997
Springburn,Scotland,ScotRail,SPR,386114,149812,168974,67328,25722,998
Oldfield Park,South West,Great Western Railway,OLF,385994,164184,171714,50096,0,999
Tilehurst,South East,Great Western Railway,TLH,385312,112904,185538,86870,0,1000
Largs,Scotland,ScotRail,LAR,384942,116582,253058,15302,0,1001
East Tilbury,East of England,c2c,ETL,384542,133408,181818,69316,0,1002
Winnersh,South East,South Western Railway,WNS,384120,106098,176338,101684,0,1003
Blackwater,South East,Great Western Railway,BAW,383848,103276,244374,36198,0,1004
Hall Road,North West,Merseyrail,HLR,383818,49112,299870,34836,0,1005
Carntyne,Scotland,ScotRail,CAY,383786,144312,186708,52766,0,1006
Alfreton,East Midlands,East Midlands Railway,ALF,382994,127920,232620,22454,0,1007
Chapeltown (South Yorkshire),Yorkshire and The Humber,Northern Trains,CLN,382952,127172,191138,64642,0,1008
Addlestone,South East,South Western Railway,ASN,382112,149228,172918,59966,0,1009
Buxton,East Midlands,Northern Trains,BUX,381872,25232,333012,23628,0,1010
Scunthorpe,Yorkshire and The Humber,TransPennine Express,SCU,379072,71306,287516,20250,405,1011
Alnmouth,North East,Northern Trains,ALM,378954,27994,336026,14934,149,1012
Kirkstall Forge,Yorkshire and The Humber,Northern Trains,KLF,378822,119222,185348,74252,0,1013
Beckenham Hill,London,Govia Thameslink Railway (Thameslink),BEC,378666,138942,178624,61100,0,1014
Stourbridge Town,West Midlands,West Midlands Trains (West Midlands Railway),SBT,378582,69536,139076,169970,0,1015
Littleborough,North West,Northern Trains,LTL,378280,80834,204454,92992,0,1016
Hinckley (Leics),East Midlands,East Midlands Railway,HNK,377764,125196,218536,34032,0,1017
Blairhill,Scotland,ScotRail,BAI,377514,125336,198076,54102,0,1018
Spital,North West,Merseyrail,SPI,377240,174954,157304,44982,0,1019
Pokesdown,South West,South Western Railway,POK,377104,105796,239684,31624,0,1020
Torre,South West,Great Western Railway,TRR,376492,75898,170196,130398,0,1021
Hanborough,South East,Great Western Railway,HND,376462,125830,193846,56786,0,1022
Neilston,Scotland,ScotRail,NEI,375994,65796,131258,178940,0,1023
Dudley Port,West Midlands,West Midlands Trains (West Midlands Railway),DDP,375972,107652,172234,96086,0,1024
Moreton-In-Marsh,South West,Great Western Railway,MIM,375804,62736,298948,14120,0,1025
Malton,Yorkshire and The Humber,TransPennine Express,MLT,375622,62100,272260,41262,0,1026
Green Lane,North West,Merseyrail,GNL,374800,168070,155996,50734,0,1027
Newmarket,East of England,Greater Anglia,NMK,374156,134286,169826,70044,0,1028
March,East of England,Greater Anglia,MCH,373732,115308,195310,63114,64,1029
Pangbourne,South East,Great Western Railway,PAN,373542,103964,202244,67334,0,1030
Gatley,North West,Northern Trains,GTY,373524,112880,200150,60494,0,1031
Camborne,South West,Great Western Railway,CBN,372746,55144,242050,75552,0,1032
Waterbeach,East of England,Govia Thameslink Railway (Great Northern),WBC,371828,118740,185228,67860,0,1033
Eastham Rake,North West,Merseyrail,ERA,371254,143164,177580,50510,0,1034
Knutsford,North West,Northern Trains,KNF,371236,90642,181046,99548,0,1035
Urmston,North West,Northern Trains,URM,371074,152972,150520,67582,0,1036
Livingston South,Scotland,ScotRail,LVG,370340,165122,177838,27380,0,1037
Walton (Merseyside),North West,Merseyrail,WAO,370070,82284,184922,102864,0,1038
Garrowhill,Scotland,ScotRail,GAR,369700,119986,189886,59828,0,1039
Prestatyn,Wales,TfW Rail,PRT,368882,161374,176164,31344,0,1040
Portchester,South East,South Western Railway,PTC,366574,106700,210154,49720,0,1041
Camberley,South East,South Western Railway,CAM,364372,120198,218350,25824,0,1042
Mirfield,Yorkshire and The Humber,Northern Trains,MIR,364112,116804,192152,55156,43652,1043
Berrylands,London,South Western Railway,BRS,363954,144502,186302,33150,0,1044
Iver,South East,Elizabeth line,IVR,362658,104648,182818,75192,0,1045
Emsworth,South East,Govia Thameslink Railway (Southern),EMS,362368,114226,180486,67656,5129,1046
Arbroath,Scotland,ScotRail,ARB,362306,148210,190730,23366,2708,1047
Prittlewell,East of England,Greater Anglia,PRL,362280,149276,145724,67280,0,1048
Hadley Wood,London,Govia Thameslink Railway (Great Northern),HDW,362264,141922,189896,30446,0,1049
Pollokshaws East,Scotland,ScotRail,PWE,362074,127942,166766,67366,0,1050
Hatfield Peverel,East of England,Greater Anglia,HAP,361514,109600,110626,141288,0,1051
Marlow,South East,Great Western Railway,MLW,361450,105856,193460,62134,0,1052
Goring and Streatley,South East,Great Western Railway,GOR,360440,87898,218796,53746,0,1053
Hilsea,South East,South Western Railway,HLS,360224,128370,173364,58490,38086,1054
Inverurie,Scotland,ScotRail,INR,359792,166528,153112,40152,0,1055
Yate,South West,Great Western Railway,YAE,359704,150604,175090,34010,0,1056
Tipton,West Midlands,West Midlands Trains (West Midlands Railway),TIP,358656,99418,177674,81564,0,1057
Wadhurst,South East,Southeastern,WAD,358610,82320,192170,84120,0,1058
Ash Vale,South East,South Western Railway,AHV,358324,121800,167754,68770,100146,1059
Singer,Scotland,ScotRail,SIN,358320,116214,182718,59388,0,1060
Colwyn Bay,Wales,TfW Rail,CWB,357852,116280,214124,27448,181,1061
Gillingham (Dorset),South West,South Western Railway,GIL,357614,63782,254218,39614,0,1062
Saltburn,North East,Northern Trains,SLB,356108,47388,277802,30918,0,1063
Warminster,South West,Great Western Railway,WMN,355954,98120,221936,35898,17188,1064
Buckshaw Parkway,North West,Northern Trains,BSV,355252,99618,198176,57458,0,1065
East Midlands Parkway,East Midlands,East Midlands Railway,EMD,355098,73202,266950,14946,15373,1066
Castle Cary,South West,Great Western Railway,CLC,354740,14622,333794,6324,84303,1067
Liskeard,South West,Great Western Railway,LSK,353556,84862,216842,51852,63806,1068
Hildenborough,South East,Southeastern,HLB,352930,117308,132526,103096,0,1069
Earlswood (Surrey),South East,Govia Thameslink Railway (Southern),ELD,352176,135974,143360,72842,0,1070
Wivenhoe,East of England,Greater Anglia,WIV,352166,65230,206474,80462,471,1071
St Margarets (Herts),East of England,Greater Anglia,SMT,350664,148876,159222,42566,0,1072
Greenfield,North West,Northern Trains,GNF,350528,147542,138864,64122,0,1073
Birchington-On-Sea,South East,Southeastern,BCH,350024,50752,118910,180362,0,1074
Wallyford,Scotland,ScotRail,WAF,349262,177824,151666,19772,0,1075
Woldingham,South East,Govia Thameslink Railway (Southern),WOH,348954,136608,89568,122778,0,1076
Horsley,South East,South Western Railway,HSY,348950,112568,163848,72534,0,1077
Okehampton,South West,Dartmoor Railway,OKE,347920,188928,83514,75478,0,1078
Sudbury (Suffolk),East of England,Greater Anglia,SUY,347900,103344,182226,62330,0,1079
Shepperton,South East,South Western Railway,SHP,346958,96170,166208,84580,0,1080
Dumfries,Scotland,ScotRail,DMF,346310,60424,283252,2634,750,1081
Swinton (South Yorks),Yorkshire and The Humber,Northern Trains,SWN,346188,100160,194726,51302,3770,1082
Widney Manor,West Midlands,West Midlands Trains (West Midlands Railway),WMR,345804,103184,133156,109464,0,1083
Darwen,North West,Northern Trains,DWN,345590,67472,227346,50772,0,1084
Blake Street,West Midlands,West Midlands Trains (West Midlands Railway),BKT,344892,98512,118684,127696,0,1085
Chessington South,London,South Western Railway,CSS,344218,147946,144858,51414,0,1086
Alexandra Parade,Scotland,ScotRail,AXP,343914,135240,172514,36160,0,1087
Charlbury,South East,Great Western Railway,CBY,343240,81162,233126,28952,0,1088
Stamford (Lincs),East Midlands,East Midlands Railway,SMD,343052,133020,181954,28078,0,1089
Witton (West Midlands),West Midlands,West Midlands Trains (West Midlands Railway),WTT,342226,80466,182624,79136,0,1090
North Sheen,London,South Western Railway,NSH,342020,141810,150970,49240,0,1091
Southwick,South East,Govia Thameslink Railway (Southern),SWK,342014,106526,185386,50102,0,1092
Aberdare,Wales,TfW Rail,ABA,341438,240226,19810,81402,0,1093
Prestwick Town,Scotland,ScotRail,PTW,340592,133154,194896,12542,0,1094
Duddeston,West Midlands,West Midlands Trains (West Midlands Railway),DUD,340568,157656,106040,76872,0,1095
Lawrence Hill,South West,Great Western Railway,LWH,339856,240714,59472,39670,0,1096
Dumbarton East,Scotland,ScotRail,DBE,339724,108588,190588,40548,0,1097
Swanscombe,South East,Southeastern,SWM,339604,132302,123760,83542,0,1098
Hall Green,West Midlands,West Midlands Trains (West Midlands Railway),HLG,339132,103338,129636,106158,0,1099
Wolverton,South East,West Midlands Trains (London Northwestern Railway),WOL,338874,99018,162996,76860,0,1100
Pollokshields East,Scotland,ScotRail,PLE,337600,127242,169970,40388,0,1101
Honiton,South West,South Western Railway,HON,337040,44104,226902,66034,9084,1102
Muirend,Scotland,ScotRail,MUI,336620,120670,186166,29784,0,1103
Bramley (West Yorkshire),Yorkshire and The Humber,Northern Trains,BLE,336358,137560,131262,67536,0,1104
Greenock West,Scotland,ScotRail,GKW,334786,102768,180290,51728,0,1105
The Hawthorns,West Midlands,West Midlands Trains (West Midlands Railway),THW,334428,84820,138928,110680,0,1106
Flint,Wales,TfW Rail,FLN,333542,157070,155914,20558,0,1107
Handforth,North West,Northern Trains,HTH,333294,104486,143020,85788,0,1108
Drumchapel,Scotland,ScotRail,DMC,331424,113296,181402,36726,0,1109
Earlestown,North West,Northern Trains,ERL,330956,94856,187442,48658,43987,1110
Long Buckby,East Midlands,West Midlands Trains (London Northwestern Railway),LBK,330332,62604,214328,53400,0,1111
Cannock,West Midlands,West Midlands Trains (West Midlands Railway),CAO,329244,116098,185094,28052,0,1112
Exeter St Thomas,South West,Great Western Railway,EXT,329086,85980,116584,126522,0,1113
Wendover,South East,Chiltern Railways,WND,328532,137750,90260,100522,0,1114
Barnt Green,West Midlands,West Midlands Trains (West Midlands Railway),BTG,327146,115434,95638,116074,71264,1115
Marple,North West,Northern Trains,MPL,325750,141024,95182,89544,0,1116
Goole,Yorkshire and The Humber,Northern Trains,GOO,324606,64226,227784,32596,3309,1117
Congleton,North West,Northern Trains,CNG,323770,57734,249532,16504,0,1118
Mansfield,East Midlands,East Midlands Railway,MFT,323412,165292,134324,23796,0,1119
Cadoxton,Wales,TfW Rail,CAD,322908,241208,15434,66266,0,1120
Haydons Road,London,Govia Thameslink Railway (Thameslink),HYR,322800,130758,137178,54864,0,1121
Edenbridge Town,South East,Govia Thameslink Railway (Southern),EBT,322154,69394,126178,126582,6724,1122
Whitecraigs,Scotland,ScotRail,WCR,321218,127232,169962,24024,0,1123
Malvern Link,West Midlands,West Midlands Trains (West Midlands Railway),MVL,320672,123416,121274,75982,14831,1124
Clarkston,Scotland,ScotRail,CKS,320542,126136,171166,23240,0,1125
Pulborough,South East,Govia Thameslink Railway (Southern),PUL,320322,88420,176404,55498,0,1126
Sandwich,South East,Southeastern,SDW,320174,51840,129728,138606,0,1127
Stone Crossing,South East,Southeastern,SCG,318702,137686,81542,99474,0,1128
Cottingham,Yorkshire and The Humber,Northern Trains,CGM,318072,34914,223934,59224,0,1129
Mauldeth Road,North West,Northern Trains,MAU,318064,80292,209166,28606,0,1130
South Woodham Ferrers,East of England,Greater Anglia,SOF,318044,128578,95622,93844,0,1131
Montrose,Scotland,ScotRail,MTS,317406,119542,176266,21598,0,1132
Easterhouse,Scotland,ScotRail,EST,317196,121854,150270,45072,0,1133
Bearsted,South East,Southeastern,BSD,316948,79934,125510,111504,0,1134
Altrincham,North West,Northern Trains,ALT,316474,101370,148744,66360,163,1135
Woolwich Dockyard,London,Southeastern,WWD,315464,97928,146086,71450,0,1136
Shirley,West Midlands,West Midlands Trains (West Midlands Railway),SRL,314972,81526,139748,93698,0,1137
Bromley Cross (Lancs),North West,Northern Trains,BMC,311940,83950,165450,62540,0,1138
Hungerford,South East,Great Western Railway,HGD,311612,65022,188988,57602,0,1139
Outwood,Yorkshire and The Humber,Northern Trains,OUT,310366,163222,83280,63864,0,1140
Galashiels,Scotland,ScotRail,GAL,309374,135946,163778,9650,0,1141
Dyce,Scotland,ScotRail,DYC,308806,162966,115336,30504,0,1142
Arundel,South East,Govia Thameslink Railway (Southern),ARU,308686,52140,193254,63292,0,1143
Liss,South East,South Western Railway,LIS,308448,51178,125246,132024,0,1144
Cogan,Wales,TfW Rail,CGN,308096,237594,14868,55634,0,1145
Harlington (Bedfordshire),East of England,Govia Thameslink Railway (Thameslink),HLN,307596,84266,160194,63136,0,1146
Cleethorpes,Yorkshire and The Humber,TransPennine Express,CLE,307184,25006,279688,2490,0,1147
Thetford,East of England,Greater Anglia,TTF,305618,67230,210688,27700,6,1148
Bodmin Parkway,South West,Great Western Railway,BOD,305298,26138,262836,16324,0,1149
Stapleton Road,South West,Great Western Railway,SRD,305052,213718,72632,18702,0,1150
Clydebank,Scotland,ScotRail,CYK,304952,95882,148988,60082,0,1151
Pollokshaws West,Scotland,ScotRail,PWW,304684,121086,157294,26304,0,1152
Mills Hill (Manchester),North West,Northern Trains,MIH,303860,74504,183756,45600,0,1153
Emerson Park,London,London Overground,EMP,302740,137776,141746,23218,0,1154
Wareham (Dorset),South West,South Western Railway,WRM,301986,62670,224940,14376,0,1155
Bidston,North West,Merseyrail,BID,301450,102896,142738,55816,102377,1156
Walkden,North West,Northern Trains,WKD,300502,93644,160090,46768,0,1157
Topsham,South West,Great Western Railway,TOP,300338,184790,94724,20824,0,1158
Paisley Canal,Scotland,ScotRail,PCN,299938,103756,143410,52772,0,1159
East Didsbury,North West,Northern Trains,EDY,299254,73612,192424,33218,0,1160
Aberystwyth,Wales,TfW Rail,AYW,298878,104714,192426,1738,0,1161
Crosshill,Scotland,ScotRail,COI,297828,93916,147790,56122,0,1162
Hightown,North West,Merseyrail,HTO,297352,73608,190064,33680,0,1163
Sleaford,East Midlands,East Midlands Railway,SLR,295790,118150,134626,43014,35611,1164
Elgin,Scotland,ScotRail,ELG,295372,126824,159288,9260,0,1165
Sandbach,North West,Northern Trains,SDB,294738,94494,159044,41200,0,1166
Narborough,East Midlands,East Midlands Railway,NBR,293674,104224,134220,55230,0,1167
Manor Road,North West,Merseyrail,MNR,293490,85582,180142,27766,0,1168
Wavertree Technology Park,North West,Northern Trains,WAV,292708,103112,113140,76456,0,1169
Prescot,North West,Northern Trains,PSC,292684,104272,106314,82098,0,1170
Penkridge,West Midlands,West Midlands Trains (West Midlands Railway),PKG,292594,166840,77716,48038,0,1171
Carluke,Scotland,ScotRail,CLU,292568,112900,152498,27170,0,1172
Low Moor,Yorkshire and The Humber,Northern Trains,LMR,292378,103762,149182,39434,0,1173
Davenport,North West,Northern Trains,DVN,291496,79084,149332,63080,0,1174
Glengarnock,Scotland,ScotRail,GLG,290886,94204,153658,43024,0,1175
Ulverston,North West,Northern Trains,ULV,290354,44162,198160,48032,0,1176
South Elmsall,Yorkshire and The Humber,Northern Trains,SES,288510,145624,102426,40460,0,1177
Frome,South West,Great Western Railway,FRO,288048,104084,172044,11920,101,1178
Thirsk,Yorkshire and The Humber,TransPennine Express,THI,288024,69576,199132,19316,0,1179
Kidsgrove,West Midlands,East Midlands Railway,KDG,287730,110142,155180,22408,31758,1180
Evesham,West Midlands,Great Western Railway,EVE,287118,66888,194580,25650,558,1181
Riddlesdown,London,Govia Thameslink Railway (Southern),RDD,287038,120652,128028,38358,0,1182
Romiley,North West,Northern Trains,RML,287016,86504,132390,68122,9807,1183
Williamwood,Scotland,ScotRail,WLM,286358,95832,149918,40608,0,1184
Eskbank,Scotland,ScotRail,EKB,286350,136938,138542,10870,0,1185
Lostock,North West,Northern Trains,LOT,285908,103220,124598,58090,0,1186
Barry Docks,Wales,TfW Rail,BYD,285566,208454,14234,62878,0,1187
Whitehaven,North West,Northern Trains,WTH,285082,51924,212018,21140,0,1188
Penryn (Cornwall),South West,Great Western Railway,PYN,284974,84108,163094,37772,0,1189
Berkswell,West Midlands,West Midlands Trains (West Midlands Railway),BKW,284690,70272,120742,93676,0,1190
Hinchley Wood,South East,South Western Railway,HYW,283410,95510,113858,74042,0,1191
Grateley,South East,South Western Railway,GRT,281170,52024,176282,52864,0,1192
Littlehaven,South East,Govia Thameslink Railway (Southern),LVN,281142,115878,112192,53072,0,1193
Branksome,South West,South Western Railway,BSM,280126,72290,176450,31386,0,1194
Harlow Mill,East of England,Greater Anglia,HWM,278544,138586,87682,52276,0,1195
Felixstowe,East of England,Greater Anglia,FLX,278504,75496,177374,25634,0,1196
Falmouth Town,South West,Great Western Railway,FMT,278064,59336,195456,23272,0,1197
Pontyclun,Wales,TfW Rail,PYC,277812,180294,65308,32210,0,1198
Shotton,Wales,TfW Rail,SHT,276948,167552,96584,12812,22323,1199
Carbis Bay,South West,Great Western Railway,CBB,276938,4690,270874,1374,0,1200
Hednesford,West Midlands,West Midlands Trains (West Midlands Railway),HNF,276156,91528,143232,41396,0,1201
Snodland,South East,Southeastern,SDA,275854,89028,82536,104290,0,1202
Drumgelloch,Scotland,ScotRail,DRU,275672,100948,132128,42596,0,1203
Cholsey,South East,Great Western Railway,CHO,275420,67660,146238,61522,0,1204
Driffield,Yorkshire and The Humber,Northern Trains,DRF,275396,24396,210882,40118,0,1205
Saltcoats,Scotland,ScotRail,SLT,275344,79052,172504,23788,0,1206
Brookmans Park,East of England,Govia Thameslink Railway (Great Northern),BPK,275238,123944,127640,23654,0,1207
Maidstone Barracks,South East,Southeastern,MDB,274994,74212,125184,75598,4295,1208
Robertsbridge,South East,Southeastern,RBR,274328,46854,123262,104212,0,1209
Morley,Yorkshire and The Humber,Northern Trains,MLY,274298,114392,120300,39606,0,1210
Hillington West,Scotland,ScotRail,HLW,274120,109678,100348,64094,0,1211
Fitzwilliam,Yorkshire and The Humber,Northern Trains,FZW,273296,124834,84618,63844,723,1212
Ore,South East,Govia Thameslink Railway (Southern),ORE,272106,74596,99598,97912,0,1213
Wimbledon Chase,London,Govia Thameslink Railway (Thameslink),WBO,271590,111578,103970,56042,0,1214
Ludlow,West Midlands,TfW Rail,LUD,271100,98096,132810,40194,477,1215
Frodsham,North West,TfW Rail,FRD,269138,123640,134680,10818,0,1216
Kenley,London,Govia Thameslink Railway (Southern),KLY,268508,100198,126986,41324,0,1217
Bridge Of Allan,Scotland,ScotRail,BEA,268412,140550,114938,12924,0,1218
Guide Bridge,North West,Northern Trains,GUI,268220,113726,79852,74642,4530,1219
Sheringham,East of England,Greater Anglia,SHM,267898,63778,189050,15070,0,1220
Stepps,Scotland,ScotRail,SPS,267652,100220,136012,31420,0,1221
Starbeck,Yorkshire and The Humber,Northern Trains,SBE,267220,64684,164190,38346,0,1222
Boston,East Midlands,East Midlands Railway,BSN,267184,72532,185026,9626,2,1223
West Sutton,London,Govia Thameslink Railway (Thameslink),WSU,265900,115806,116982,33112,0,1224
Llantwit Major,Wales,TfW Rail,LWM,265804,157602,52418,55784,0,1225
Sutton Common,London,Govia Thameslink Railway (Thameslink),SUC,265722,105388,106428,53906,0,1226
Bramley (Hampshire),South East,Great Western Railway,BMY,264730,61690,149134,53906,0,1227
Clitheroe,North West,Northern Trains,CLH,264536,49098,164674,50764,0,1228
Jordanhill,Scotland,ScotRail,JOR,264422,87324,152510,24588,0,1229
Lanark,Scotland,ScotRail,LNK,263532,94248,143762,25522,0,1230
Hadfield,East Midlands,Northern Trains,HDF,262940,89976,94172,78792,0,1231
Irlam,North West,Northern Trains,IRL,262430,119178,87376,55876,0,1232
Mossley (Manchester),North West,Northern Trains,MSL,260288,121252,75398,63638,0,1233
Leominster,West Midlands,TfW Rail,LEO,260220,78854,135152,46214,17,1234
Ash,South East,South Western Railway,ASH,259336,77176,138136,44024,43911,1235
Meopham,South East,Southeastern,MEP,258728,88428,104532,65768,0,1236
Grangetown (Cardiff),Wales,TfW Rail,GTN,258616,208364,10082,40170,8399,1237
Woodlesford,Yorkshire and The Humber,Northern Trains,WDS,258528,134276,69970,54282,0,1238
Hillfoot,Scotland,ScotRail,HLF,258436,92454,143670,22312,0,1239
Ifield,South East,Govia Thameslink Railway (Southern),IFI,257986,81194,114670,62122,0,1240
Northfleet,South East,Southeastern,NFL,257642,113766,96254,47622,0,1241
Prestonpans,Scotland,ScotRail,PST,257514,127272,109744,20498,0,1242
Eccles (Manchester),North West,Northern Trains,ECC,257328,74260,154084,28984,0,1243
Melton Mowbray,East Midlands,East Midlands Railway,MMO,257134,82708,158528,15898,0,1244
Taffs Well,Wales,TfW Rail,TAF,256722,186426,12874,57422,0,1245
Larkhall,Scotland,ScotRail,LRH,254940,91384,133614,29942,0,1246
Crowborough,South East,Govia Thameslink Railway (Southern),COH,254886,82802,93664,78420,0,1247
Edinburgh Gateway,Scotland,ScotRail,EGY,254676,144818,84154,25704,16732,1248
Bourne End,South East,Great Western Railway,BNE,254624,87010,107228,60386,125661,1249
Welham Green,East of England,Govia Thameslink Railway (Great Northern),WMG,253196,113760,122074,17362,0,1250
Montpelier,South West,Great Western Railway,MTP,252028,179484,61420,11124,0,1251
Kingham,South East,Great Western Railway,KGM,251844,38962,203454,9428,0,1252
Littleport,East of England,Govia Thameslink Railway (Great Northern),LTP,251780,77870,111436,62474,0,1253
North Camp,South East,Great Western Railway,NCM,251252,77534,152236,21482,0,1254
Cromer,East of England,Greater Anglia,CMR,249402,65232,171688,12482,0,1255
Highbridge and Burnham,South West,Great Western Railway,HIG,248906,89162,142470,17274,0,1256
Ebbw Vale Town,Wales,TfW Rail,EBB,248760,186592,22562,39606,0,1257
Stewarton,Scotland,ScotRail,STT,248494,82086,139278,27130,0,1258
Crowthorne,South East,Great Western Railway,CRN,248220,75980,132262,39978,0,1259
Dawlish Warren,South West,Great Western Railway,DWW,248086,69110,170052,8924,0,1260
Gobowen,West Midlands,TfW Rail,GOB,247608,113344,119554,14710,0,1261
Woodsmoor,North West,Northern Trains,WSR,247350,61240,135272,50838,0,1262
Stone (Staffs),West Midlands,West Midlands Trains (West Midlands Railway),SNE,246412,155796,46454,44162,0,1263
Meldreth,East of England,Govia Thameslink Railway (Great Northern),MEL,245846,91396,94120,60330,0,1264
Greenock Central,Scotland,ScotRail,GKC,244898,73578,141992,29328,675,1265
Whifflet,Scotland,ScotRail,WFF,244552,83720,128772,32060,8876,1266
Alderley Edge,North West,Northern Trains,ALD,244220,98266,102870,43084,0,1267
Holmes Chapel,North West,Northern Trains,HCH,243856,80698,130540,32618,0,1268
Tyseley,West Midlands,West Midlands Trains (West Midlands Railway),TYS,243730,97572,75280,70878,10489,1269
Robroyston,Scotland,ScotRail,RRN,243276,89444,126054,27778,0,1270
Effingham Junction,South East,South Western Railway,EFF,243110,96740,113108,33262,13969,1271
Lymington Town,South East,South Western Railway,LYT,242040,56466,158068,27506,0,1272
Lisvane and Thornhill,Wales,TfW Rail,LVT,241176,185794,15452,39930,0,1273
Dore and Totley,Yorkshire and The Humber,Northern Trains,DOR,240254,70988,154870,14396,0,1274
Hindley,North West,Northern Trains,HIN,240130,77714,115354,47062,26115,1275
Chepstow,Wales,TfW Rail,CPW,239434,117030,104014,18390,0,1276
Cam and Dursley,South West,Great Western Railway,CDU,239284,89622,139212,10450,0,1277
Barming,South East,Southeastern,BMG,236990,67056,130234,39700,0,1278
Holyhead,Wales,TfW Rail,HHD,236886,61814,159382,15690,433,1279
Barmouth,Wales,TfW Rail,BRM,236854,99900,102952,34002,0,1280
Shifnal,West Midlands,West Midlands Trains (West Midlands Railway),SFN,236680,91526,100898,44256,0,1281
Coatdyke,Scotland,ScotRail,COA,236050,88688,107202,40160,0,1282
Uckfield,South East,Govia Thameslink Railway (Southern),UCK,235458,66924,117756,50778,0,1283
Slaithwaite,Yorkshire and The Humber,Northern Trains,SWT,235294,101704,96666,36924,0,1284
Ravensbourne,London,Govia Thameslink Railway (Thameslink),RVB,235210,111420,97620,26170,0,1285
Markinch,Scotland,ScotRail,MNC,235210,92920,135736,6554,0,1285
Giffnock,Scotland,ScotRail,GFN,235042,88476,127062,19504,0,1287
Newcraighall,Scotland,ScotRail,NEW,233352,115380,110744,7228,0,1288
Drumry,Scotland,ScotRail,DMY,233208,73310,128506,31392,0,1289
St Denys,South East,South Western Railway,SDN,232936,67442,137208,28286,44971,1290
Chester-Le-Street,North East,Northern Trains,CLS,232324,37926,170728,23670,0,1291
Pencoed,Wales,TfW Rail,PCD,232302,123654,36888,71760,0,1292
Armadale (West Lothian),Scotland,ScotRail,ARM,232232,97670,110292,24270,0,1293
Pinhoe,South West,South Western Railway,PIN,231830,35780,151006,45044,0,1294
Southend Airport,East of England,Stobart Rail,SIA,231806,131960,72616,27230,0,1295
Hamstead (Birmingham),West Midlands,West Midlands Trains (West Midlands Railway),HSD,230862,75058,97740,58064,0,1296
Redland,South West,Great Western Railway,RDA,230370,150904,68432,11034,0,1297
Hillington East,Scotland,ScotRail,HLE,230266,82080,96104,52082,0,1298
Workington,North West,Northern Trains,WKG,229786,43644,164376,21766,0,1299
Dalgety Bay,Scotland,ScotRail,DAG,229602,102460,103894,23248,0,1300
Dronfield,East Midlands,Northern Trains,DRO,229562,77676,127058,24828,0,1301
Parkstone (Dorset),South West,South Western Railway,PKS,229410,61634,150778,16998,0,1302
Woodbridge,East of England,Greater Anglia,WDB,229388,58746,158460,12182,0,1303
Southbourne,South East,Govia Thameslink Railway (Southern),SOB,229080,56036,116832,56212,0,1304
Winchfield,South East,South Western Railway,WNF,229000,70948,94564,63488,0,1305
Pontefract Monkhill,Yorkshire and The Humber,Northern Trains,PFM,228628,114712,84340,29576,9912,1306
Wye,South East,Southeastern,WYE,228560,59594,99862,69104,0,1307
Whyteleafe,South East,Govia Thameslink Railway (Southern),WHY,228198,83604,124852,19742,0,1308
Datchet,South East,South Western Railway,DAT,228122,63780,138842,25500,0,1309
North Walsham,East of England,Greater Anglia,NWA,227692,71090,128698,27904,0,1310
Burnham-On-Crouch,East of England,Greater Anglia,BUU,227510,76064,87896,63550,0,1311
Batley,Yorkshire and The Humber,Northern Trains,BTL,227096,91864,91746,43486,0,1312
Matlock,East Midlands,East Midlands Railway,MAT,227012,63410,156140,7462,0,1313
Bank Hall,North West,Merseyrail,BAH,226404,38310,141830,46264,0,1314
Blackrod,North West,Northern Trains,BLK,226316,44820,96670,84826,0,1315
Bromley North,London,Southeastern,BMN,226164,86156,97504,42504,0,1316
Oakham,East Midlands,East Midlands Railway,OKM,226030,51328,161240,13462,3005,1317
Langside,Scotland,ScotRail,LGS,225812,74310,117246,34256,0,1318
Llanishen,Wales,TfW Rail,LLS,225800,168322,13332,44146,0,1319
Burnside (South Lanarkshire),Scotland,ScotRail,BUI,225114,73142,126856,25116,0,1320
Duke Street,Scotland,ScotRail,DST,224988,83812,117456,23720,0,1321
Porth,Wales,TfW Rail,POR,224524,162928,9962,51634,0,1322
Small Heath,West Midlands,West Midlands Trains (West Midlands Railway),SMA,224446,97702,81756,44988,0,1323
Overpool,North West,Merseyrail,OVE,224060,84864,124652,14544,0,1324
Whitlocks End,West Midlands,West Midlands Trains (West Midlands Railway),WTE,223908,88944,103546,31418,0,1325
Wombwell,Yorkshire and The Humber,Northern Trains,WOM,223542,79572,111208,32762,0,1326
Nantwich,North West,TfW Rail,NAN,223396,105336,99488,18572,0,1327
Elsenham (Essex),East of England,Greater Anglia,ESM,222928,76200,66946,79782,0,1328
Cardonald,Scotland,ScotRail,CDO,222856,85236,101450,36170,0,1329
Par,South West,Great Western Railway,PAR,222704,41936,148384,32384,101405,1330
Bromborough Rake,North West,Merseyrail,BMR,222626,88614,101562,32450,0,1331
Walmer,South East,Southeastern,WAM,222274,41556,116314,64404,0,1332
Ystrad Mynach,Wales,TfW Rail,YSM,222144,167312,9796,45036,0,1333
Shelford (Cambs),East of England,Greater Anglia,SED,221546,75522,96820,49204,0,1334
Reading Green Park,South East,Great Western Railway,RGP,221482,78770,112728,29984,0,1335
Yeovil Junction,South West,South Western Railway,YVJ,221442,24790,187894,8758,20383,1336
Marsden (Yorks),Yorkshire and The Humber,Northern Trains,MSN,220584,94148,97656,28780,0,1337
South Gyle,Scotland,ScotRail,SGL,220542,104050,96794,19698,0,1338
Micklefield,Yorkshire and The Humber,Northern Trains,MIK,220364,66902,102644,50818,2024,1339
Belper,East Midlands,East Midlands Railway,BLP,219184,70226,131978,16980,2601,1340
Ben Rhydding,Yorkshire and The Humber,Northern Trains,BEY,218968,91734,81648,45586,0,1341
Bat and Ball,South East,Southeastern,BBL,218476,49134,97024,72318,0,1342
Atherton,North West,Northern Trains,ATN,218476,71512,109766,37198,0,1342
Hartford (Cheshire),North West,West Midlands Trains (London Northwestern Railway),HTF,218272,77262,127978,13032,0,1344
Garscadden,Scotland,ScotRail,GRS,217630,69026,117968,30636,0,1345
Winnersh Triangle,South East,South Western Railway,WTI,217550,87666,96434,33450,0,1346
Hawkhead,Scotland,ScotRail,HKH,217388,70930,113862,32596,0,1347
Totton,South East,South Western Railway,TTN,216312,70372,115124,30816,0,1348
Croftfoot,Scotland,ScotRail,CFF,215558,66568,116574,32416,0,1349
Winsford,North West,West Midlands Trains (London Northwestern Railway),WSF,215328,72590,132194,10544,0,1350
Greenbank,North West,Northern Trains,GBK,214818,46392,98240,70186,0,1351
Pengam,Wales,TfW Rail,PGM,214248,166026,10866,37356,0,1352
Bramhall,North West,Northern Trains,BML,214228,64430,113634,36164,0,1353
Syston,East Midlands,East Midlands Railway,SYS,213180,134072,34468,44640,0,1354
Balcombe,South East,Govia Thameslink Railway (Southern),BAB,213026,67416,104574,41036,0,1355
Severn Tunnel Junction,Wales,TfW Rail,STJ,212668,170418,26512,15738,33770,1356
Denham,South East,Chiltern Railways,DNM,212456,64876,99322,48258,0,1357
Bookham,South East,South Western Railway,BKA,212440,75416,106868,30156,0,1358
New Mills Newtown,East Midlands,Northern Trains,NMN,212402,37726,116024,58652,0,1359
Eaglescliffe,North East,Northern Trains,EAG,211956,33428,164012,14516,0,1360
Gainsborough Lea Road,East Midlands,East Midlands Railway,GBL,211442,56148,141396,13898,96,1361
Wemyss Bay,Scotland,ScotRail,WMS,211252,90394,113530,7328,0,1362
Baildon,Yorkshire and The Humber,Northern Trains,BLD,210976,58268,41518,111190,0,1363
Witley,South East,South Western Railway,WTY,210956,90564,72598,47794,0,1364
Hampton-In-Arden,West Midlands,West Midlands Trains (West Midlands Railway),HIA,210864,56268,98858,55738,0,1365
Lockerbie,Scotland,ScotRail,LOC,210848,19514,188490,2844,0,1366
Edge Hill,North West,Northern Trains,EDG,209880,74226,95494,40160,7499,1367
Poynton,North West,Northern Trains,PYT,209572,56538,135464,17570,0,1368
Corkerhill,Scotland,ScotRail,CKH,209532,76616,97334,35582,0,1369
Tadworth,South East,Govia Thameslink Railway (Southern),TAD,209262,93678,84758,30826,0,1370
Etchingham,South East,Southeastern,ETC,209228,44862,110540,53826,0,1371
Pewsey,South West,Great Western Railway,PEW,209098,16720,177676,14702,0,1372
Kemsley,South East,Southeastern,KML,208860,88010,54468,66382,0,1373
Wool,South West,South Western Railway,WOO,208834,37640,164314,6880,0,1374
Hykeham,East Midlands,East Midlands Railway,HKM,208754,124078,36836,47840,0,1375
Frinton-on-Sea,East of England,Greater Anglia,FRI,208700,41024,121888,45788,0,1376
Penmere,South West,Great Western Railway,PNM,208582,55294,109002,44286,0,1377
Moorthorpe,Yorkshire and The Humber,Northern Trains,MRP,207902,106436,58596,42870,0,1378
Spalding,East Midlands,East Midlands Railway,SPA,207774,69862,126248,11664,0,1379
Sherborne,South West,South Western Railway,SHE,207354,32882,166760,7712,0,1380
St Helens Junction,North West,Northern Trains,SHJ,206320,55958,117568,32794,0,1381
Burntisland,Scotland,ScotRail,BTS,206194,80762,107652,17780,0,1382
Newport (Essex),East of England,Greater Anglia,NWE,206012,55762,69924,80326,0,1383
Capenhurst,North West,Merseyrail,CPU,206002,76642,108524,20836,0,1384
Coleshill Parkway,West Midlands,West Midlands Trains (West Midlands Railway),CEH,205662,140864,36814,27984,0,1385
Longniddry,Scotland,ScotRail,LND,205200,101908,93972,9320,0,1386
Frimley,South East,South Western Railway,FML,204590,80606,96166,27818,0,1387
Cookham,South East,Great Western Railway,COO,204462,76798,93114,34550,0,1388
Parson Street,South West,Great Western Railway,PSN,204214,92444,95466,16304,0,1389
Ilkeston,East Midlands,East Midlands Railway,ILN,203260,106944,82750,13566,0,1390
Yoker,Scotland,ScotRail,YOK,202332,70054,103636,28642,0,1391
Sandal and Agbrigg,Yorkshire and The Humber,Northern Trains,SNA,202168,100602,60040,41526,0,1392
Normanton,Yorkshire and The Humber,Northern Trains,NOR,202022,96594,68768,36660,0,1393
Oban,Scotland,ScotRail,OBN,201750,78530,71752,51468,0,1394
Rugeley Trent Valley,West Midlands,West Midlands Trains (West Midlands Railway),RGL,201346,41180,135174,24992,65040,1395
Roby,North West,Northern Trains,ROB,201256,52594,100932,47730,0,1396
Whitchurch (Hampshire),South East,South Western Railway,WCH,200976,33144,118442,49390,0,1397
Belmont,London,Govia Thameslink Railway (Southern),BLM,200356,75056,75650,49650,0,1398
Mossley Hill,North West,Northern Trains,MSH,199224,82368,67328,49528,0,1399
Westgate-On-Sea,South East,Southeastern,WGA,199128,45208,85438,68482,0,1400
Rosyth,Scotland,ScotRail,ROS,198140,85774,93074,19292,0,1401
Wymondham,East of England,Greater Anglia,WMD,197704,49454,131846,16404,0,1402
Dalreoch,Scotland,ScotRail,DLR,196628,66818,100172,29638,0,1403
Hall-I'-Th'-Wood,North West,Northern Trains,HID,196486,49530,101888,45068,0,1404
Thornliebank,Scotland,ScotRail,THB,196424,82688,92316,21420,0,1405
Elsecar,Yorkshire and The Humber,Northern Trains,ELR,196124,60388,101718,34018,0,1406
Carnforth,North West,Northern Trains,CNF,196102,28356,133388,34358,16795,1407
Milliken Park,Scotland,ScotRail,MIN,196074,62656,102526,30892,0,1408
Cupar,Scotland,ScotRail,CUP,196056,72598,116812,6646,0,1409
Queenborough,South East,Southeastern,QBR,196028,77832,68240,49956,0,1410
Mytholmroyd,Yorkshire and The Humber,Northern Trains,MYT,195820,79422,81458,34940,0,1411
Runcorn East,North West,TfW Rail,RUE,195576,110698,73702,11176,0,1412
Daisy Hill,North West,Northern Trains,DSY,195254,57170,102262,35822,0,1413
Dunton Green,South East,Southeastern,DNG,195198,42272,111520,41406,0,1414
Ledbury,West Midlands,West Midlands Trains (West Midlands Railway),LED,194606,61032,104502,29072,3,1415
Lydney,South West,TfW Rail,LYD,194028,86472,93064,14492,0,1416
Butlers Lane,West Midlands,West Midlands Trains (West Midlands Railway),BUL,193930,49006,76230,68694,0,1417
Milford (Surrey),South East,South Western Railway,MLF,193900,77230,72274,44396,0,1418
Stonehouse,South West,Great Western Railway,SHU,193140,73782,108228,11130,0,1419
Sundridge Park,London,Southeastern,SUP,193024,86966,83920,22138,0,1420
Hough Green,North West,Northern Trains,HGN,192584,64650,92134,35800,0,1421
Stoke Mandeville,South East,Chiltern Railways,SKM,191900,85156,49298,57446,0,1422
Pannal,Yorkshire and The Humber,Northern Trains,PNL,191634,49154,95564,46916,0,1423
Kings Park,Scotland,ScotRail,KGP,191560,64992,98270,28298,0,1424
Smithy Bridge,North West,Northern Trains,SMB,191406,51102,106614,33690,0,1425
Tisbury,South West,South Western Railway,TIS,191224,40660,125460,25104,0,1426
Abercynon,Wales,TfW Rail,ACY,189820,149282,7362,33176,19118,1427
Polsloe Bridge,South West,Great Western Railway,POL,188694,70978,99052,18664,0,1428
Knockholt,London,Southeastern,KCK,188588,67840,95330,25418,0,1429
Northwich,North West,Northern Trains,NWI,188520,48746,115196,24578,0,1430
Bargoed,Wales,TfW Rail,BGD,188436,138626,8554,41256,0,1431
Uttoxeter,West Midlands,East Midlands Railway,UTT,188406,77036,97206,14164,0,1432
Cumbernauld,Scotland,ScotRail,CUB,187882,78754,87638,21490,3999,1433
Crediton,South West,Great Western Railway,CDI,187194,127152,41284,18758,0,1434
Sellafield,North West,Northern Trains,SEL,187002,80570,26784,79648,168,1435
Millom,North West,Northern Trains,MLM,186654,48764,105322,32568,0,1436
Rainhill,North West,Northern Trains,RNH,186148,71104,82012,33032,0,1437
Aughton Park,North West,Merseyrail,AUG,185634,43660,107866,34108,0,1438
Alexandria,Scotland,ScotRail,ALX,185556,58928,97134,29494,0,1439
Leven,Scotland,ScotRail,LEV,185424,75322,105322,4780,0,1440
East Garforth,Yorkshire and The Humber,Northern Trains,EGF,185360,65412,79928,40020,0,1441
Rugeley Town,West Midlands,West Midlands Trains (West Midlands Railway),RGT,185286,63158,91906,30222,0,1442
Perry Barr,West Midlands,West Midlands Trains (West Midlands Railway),PRY,184662,51552,82356,50754,0,1443
Aylesford,South East,Southeastern,AYL,184616,67830,53800,62986,0,1444
New Hythe,South East,Southeastern,NHE,184448,56018,59052,69378,0,1445
Prudhoe,North East,Northern Trains,PRU,184264,23708,143712,16844,0,1446
Crookston,Scotland,ScotRail,CKT,184128,68948,85060,30120,0,1447
Little Sutton,North West,Merseyrail,LTT,184024,75710,91018,17296,0,1448
Cramlington,North East,Northern Trains,CRM,183856,45442,121962,16452,0,1449
Flowery Field,North West,Northern Trains,FLF,183740,72524,57470,53746,0,1450
Cononley,Yorkshire and The Humber,Northern Trains,CEY,182966,46184,83068,53714,0,1451
Collington,South East,Govia Thameslink Railway (Southern),CLL,182218,58972,94166,29080,0,1452
Teynham,South East,Southeastern,TEY,181476,53258,71446,56772,0,1453
Kenilworth,West Midlands,West Midlands Trains (West Midlands Railway),KNW,181266,68864,100646,11756,0,1454
Gartcosh,Scotland,ScotRail,GRH,180516,69146,86668,24702,0,1455
Woolston,South East,South Western Railway,WLS,180344,64330,84966,31048,0,1456
Ashton-Under-Lyne,North West,Northern Trains,AHN,180238,62190,93422,24626,0,1457
Kendal,North West,Northern Trains,KEN,180094,17992,129416,32686,0,1458
Thorne North,Yorkshire and The Humber,Northern Trains,TNN,178734,29056,124944,24734,484,1459
Furze Platt,South East,Great Western Railway,FZP,178240,61038,69650,47552,0,1460
Crewkerne,South West,South Western Railway,CKN,177884,19844,133664,24376,0,1461
Whiston,North West,Northern Trains,WHN,177588,53962,84524,39102,0,1462
Welshpool,Wales,TfW Rail,WLP,176730,77644,80702,18384,0,1463
Saxmundham,East of England,Greater Anglia,SAX,176536,41810,126460,8266,0,1464
Fort William,Scotland,ScotRail,FTW,176226,80452,95742,32,224,1465
Northolt Park,London,Chiltern Railways,NLT,176218,61808,100440,13970,0,1466
Adwick,Yorkshire and The Humber,Northern Trains,AWK,175978,63988,69338,42652,0,1467
Edenbridge (Kent),South East,Govia Thameslink Railway (Southern),EBR,175966,37904,68920,69142,9145,1468
Bedford St Johns,East of England,West Midlands Trains (London Northwestern Railway),BSJ,175552,31240,113028,31284,0,1469
Treherbert,Wales,TfW Rail,TRB,175190,107498,6160,61532,0,1470
Attleborough,East of England,Greater Anglia,ATL,175046,63888,87292,23866,0,1471
Morecambe,North West,Northern Trains,MCM,174950,25892,129708,19350,0,1472
Overton,South East,South Western Railway,OVR,174202,29860,112548,31794,0,1473
Ashwell and Morden,East of England,Govia Thameslink Railway (Great Northern),AWM,173122,59034,73094,40994,0,1474
Shotts,Scotland,ScotRail,SHS,173044,67204,88352,17488,0,1475
Filey,Yorkshire and The Humber,Northern Trains,FIL,172798,16348,150146,6304,0,1476
Rhoose Cardiff International Airport,Wales,TfW Rail,RIA,172314,105572,33894,32848,0,1477
Bredbury,North West,Northern Trains,BDY,172036,47668,93146,31222,0,1478
Burnage,North West,Northern Trains,BNA,171926,47306,105350,19270,0,1479
Edale,East Midlands,Northern Trains,EDL,171814,38516,132206,1092,0,1480
Avonmouth,South West,Great Western Railway,AVN,171440,115762,12968,42710,0,1481
Newtown (Powys),Wales,TfW Rail,NWT,171366,79192,66188,25986,0,1482
Mexborough,Yorkshire and The Humber,Northern Trains,MEX,170228,41502,100816,27910,0,1483
Aldrington,South East,Govia Thameslink Railway (Southern),AGT,169826,55404,82918,31504,0,1484
Yeovil Pen Mill,South West,Great Western Railway,YVP,169742,44798,120870,4074,21348,1485
Bishop Auckland,North East,Northern Trains,BIA,169032,30676,118184,20172,0,1486
Christs Hospital,South East,Govia Thameslink Railway (Southern),CHH,168878,46060,90314,32504,0,1487
Landywood,West Midlands,West Midlands Trains (West Midlands Railway),LAW,168684,55820,78922,33942,0,1488
Hucknall,East Midlands,East Midlands Railway,HKN,168608,108910,32790,26908,0,1489
Watton-At-Stone,East of England,Govia Thameslink Railway (Great Northern),WAS,168318,61982,72958,33378,0,1490
Dalry,Scotland,ScotRail,DLY,168264,55582,92046,20636,0,1491
Dovercourt,East of England,Greater Anglia,DVC,168182,40676,76072,51434,0,1492
Ardrossan South Beach,Scotland,ScotRail,ASB,167462,56506,95730,15226,258,1493
Priesthill and Darnley,Scotland,ScotRail,PTL,167280,67078,79674,20528,0,1494
Adlington (Lancashire),North West,Northern Trains,ADL,166760,36114,103920,26726,0,1495
Westhoughton,North West,Northern Trains,WHG,166134,66806,54992,44336,0,1496
Burscough Bridge,North West,Northern Trains,BCB,166054,66214,71882,27958,0,1497
Camelon,Scotland,ScotRail,CMO,165762,75332,71808,18622,0,1498
Pevensey and Westham,South East,Govia Thameslink Railway (Southern),PEV,165740,42562,72914,50264,0,1499
Clandon,South East,South Western Railway,CLA,165566,59248,84528,21790,0,1500
Swinton (Manchester),North West,Northern Trains,SNN,165282,48204,86310,30768,0,1501
Holytown,Scotland,ScotRail,HLY,165274,62580,80412,22282,2,1502
South Ruislip,London,London Underground,SRU,165020,64456,84220,16344,0,1503
Seaham,North East,Northern Trains,SEA,164994,25576,123266,16152,0,1504
Horden,North East,Northern Trains,HRE,164582,17116,138998,8468,0,1505
Seamer,Yorkshire and The Humber,TransPennine Express,SEM,164494,24914,129356,10224,39694,1506
Whitchurch (Shropshire),West Midlands,TfW Rail,WTC,164476,64292,87002,13182,0,1507
Craigendoran,Scotland,ScotRail,CGD,163838,35716,63074,65048,0,1508
Alvechurch,West Midlands,West Midlands Trains (West Midlands Railway),ALV,163368,68894,48160,46314,0,1509
Reddish North,North West,Northern Trains,RDN,163300,46342,78164,38794,0,1510
Penistone,Yorkshire and The Humber,Northern Trains,PNS,162898,43752,103874,15272,0,1511
New Mills Central,East Midlands,Northern Trains,NMC,162396,38274,69882,54240,2082,1512
Saltash,South West,Great Western Railway,STS,162224,52418,66696,43110,0,1513
Spring Road,West Midlands,West Midlands Trains (West Midlands Railway),SRI,162146,46974,68402,46770,0,1514
Baillieston,Scotland,ScotRail,BIO,162068,56752,83634,21682,0,1515
Dingle Road,Wales,TfW Rail,DGL,161876,125862,11230,24784,0,1516
Langley Green,West Midlands,West Midlands Trains (West Midlands Railway),LGG,161198,46556,64934,49708,0,1517
Church Fenton,Yorkshire and The Humber,Northern Trains,CHF,159050,20896,107032,31122,8663,1518
Gowerton,Wales,TfW Rail,GWN,158620,54682,82412,21526,0,1519
Salfords (Surrey),South East,Govia Thameslink Railway (Southern),SAF,158338,73404,67706,17228,0,1520
Mortimer,South East,Great Western Railway,MOR,157958,43372,86012,28574,0,1521
Bentley (South Yorkshire),Yorkshire and The Humber,Northern Trains,BYK,157944,46844,72686,38414,0,1522
Kennishead,Scotland,ScotRail,KNS,157902,47042,84808,26052,0,1523
Chandlers Ford,South East,South Western Railway,CFR,157796,46200,91430,20166,0,1524
Brunstane,Scotland,ScotRail,BSU,156782,86508,56478,13796,0,1525
St Helier (London),London,Govia Thameslink Railway (Thameslink),SIH,156764,54274,64830,37660,0,1526
Cardross,Scotland,ScotRail,CDR,156448,32618,62838,60992,0,1527
Knottingley,Yorkshire and The Humber,Northern Trains,KNO,156292,79104,46460,30728,0,1528
Maesteg,Wales,TfW Rail,MST,156162,114238,11914,30010,0,1529
Disley,North West,Northern Trains,DSL,156050,33198,97882,24970,0,1530
Ninian Park,Wales,TfW Rail,NNP,156046,113268,5940,36838,0,1531
Eynsford,South East,Southeastern,EYN,155580,38318,78830,38432,0,1532
Barassie,Scotland,ScotRail,BSS,154888,54682,87572,12634,0,1533
Bescot Stadium,West Midlands,West Midlands Trains (West Midlands Railway),BSC,154824,41320,73954,39550,0,1534
Newcourt,South West,Great Western Railway,NCO,154772,121100,21138,12534,0,1535
Botley,South East,South Western Railway,BOE,154578,41128,88990,24460,0,1536
Grange-Over-Sands,North West,Northern Trains,GOS,154568,18324,119082,17162,0,1537
Hayle,South West,Great Western Railway,HYL,154548,28664,108470,17414,0,1538
Old Hill,West Midlands,West Midlands Trains (West Midlands Railway),OHL,153512,55480,62168,35864,0,1539
Whitby,Yorkshire and The Humber,Northern Trains,WTB,153478,8194,118254,27030,0,1540
Sileby,East Midlands,East Midlands Railway,SIL,153360,73276,49246,30838,0,1541
Newbridge,Wales,TfW Rail,NBE,152740,116656,9914,26170,0,1542
Drem,Scotland,ScotRail,DRM,152528,86396,58934,7198,0,1543
Kingswood,South East,Govia Thameslink Railway (Southern),KND,150156,63406,62806,23944,0,1544
Newtongrange,Scotland,ScotRail,NEG,149962,71258,71304,7400,0,1545
Shenstone,West Midlands,West Midlands Trains (West Midlands Railway),SEN,149888,50346,39348,60194,0,1546
Tattenham Corner,South East,Govia Thameslink Railway (Southern),TAT,149554,62956,65218,21380,0,1547
St Albans Abbey,East of England,West Midlands Trains (London Northwestern Railway),SAA,149394,25888,119052,4454,3,1548
Banstead,South East,Govia Thameslink Railway (Southern),BAD,148780,58546,69596,20638,0,1549
Dumbreck,Scotland,ScotRail,DUM,148736,63940,68120,16676,0,1550
Thatto Heath,North West,Northern Trains,THH,148722,56242,58804,33676,0,1551
Broughty Ferry,Scotland,ScotRail,BYF,148586,103804,41578,3204,0,1552
St Annes-On-The-Sea,North West,Northern Trains,SAS,147988,24098,114090,9800,0,1553
Patricroft,North West,Northern Trains,PAT,147502,42038,83840,21624,0,1554
Settle,Yorkshire and The Humber,Northern Trains,SET,147464,15052,128244,4168,0,1555
Adderley Park,West Midlands,West Midlands Trains (West Midlands Railway),ADD,147180,63730,54210,29240,0,1556
Pollokshields West,Scotland,ScotRail,PLW,146994,53152,76714,17128,0,1557
Shanklin,South East,South Western Railway (Island Line),SHN,146234,24652,112708,8874,0,1558
Yarm,North East,TransPennine Express,YRM,145970,34050,99628,12292,0,1559
Box Hill and Westhumble,South East,Govia Thameslink Railway (Southern),BXW,145860,26368,112592,6900,0,1560
Hamworthy,South West,South Western Railway,HAM,145478,48574,87808,9096,0,1561
Falmouth Docks,South West,Great Western Railway,FAL,145458,21226,102926,21306,0,1562
St James Park (Exeter),South West,Great Western Railway,SJP,145446,67686,72102,5658,0,1563
Aber,Wales,TfW Rail,ABE,145234,111988,6028,27218,0,1564
Thorpe-le-Soken,East of England,Greater Anglia,TLS,143078,46316,62518,34244,288537,1565
Sandhurst (Berks),South East,Great Western Railway,SND,142410,37490,86154,18766,0,1566
Worplesdon,South East,South Western Railway,WPL,142318,59420,41510,41388,0,1567
Eastbrook,Wales,TfW Rail,EBK,142166,110266,6756,25144,0,1568
Braintree Freeport,East of England,Greater Anglia,BTP,141614,47736,70098,23780,0,1569
Collingham,East Midlands,East Midlands Railway,CLM,141448,124340,6156,10952,0,1570
Sutton Parkway,East Midlands,East Midlands Railway,SPK,141302,84242,37214,19846,0,1571
Castleton (Manchester),North West,Northern Trains,CAS,141112,35564,84650,20898,0,1572
Bedminster,South West,Great Western Railway,BMT,140918,67016,62796,11106,0,1573
Newington,South East,Southeastern,NGT,140788,40768,50472,49548,0,1574
Walton-on-the-Naze,East of England,Greater Anglia,WON,140642,29568,85888,25186,0,1575
Greenford,London,London Underground,GFD,140064,57076,72022,10966,0,1576
West Calder,Scotland,ScotRail,WCL,140058,62666,67288,10104,0,1577
Shawford,South East,South Western Railway,SHW,140042,23628,81410,35004,0,1578
Newton For Hyde,North West,Northern Trains,NWN,139956,56810,49542,33604,0,1579
Bilbrook,West Midlands,West Midlands Trains (West Midlands Railway),BBK,139092,68308,34852,35932,0,1580
Higham,South East,Southeastern,HGM,138280,56338,40306,41636,7,1581
West St Leonards,South East,Southeastern,WLD,138188,30788,63598,43802,0,1582
Nairn,Scotland,ScotRail,NRN,137890,49226,83676,4988,0,1583
Carnoustie,Scotland,ScotRail,CAN,137292,73678,56960,6654,0,1584
Oulton Broad North,East of England,Greater Anglia,OUN,137218,37836,93882,5500,0,1585
Ivybridge,South West,Great Western Railway,IVY,136994,28078,89050,19866,0,1586
West Ruislip,London,London Underground,WRU,136408,49240,75390,11778,9636,1587
Howden,Yorkshire and The Humber,Northern Trains,HOW,135878,21478,105888,8512,0,1588
Codsall,West Midlands,West Midlands Trains (West Midlands Railway),CSL,135854,51080,50802,33972,0,1589
Garswood,North West,Northern Trains,GSW,135728,30574,72394,32760,0,1590
Kirkwood,Scotland,ScotRail,KWD,135706,42120,75580,18006,0,1591
South Milford,Yorkshire and The Humber,Northern Trains,SOM,135578,31544,84744,19290,0,1592
Coventry Arena,West Midlands,West Midlands Trains (West Midlands Railway),CAA,135028,56818,71412,6798,0,1593
Lochwinnoch,Scotland,ScotRail,LHW,134594,45500,69648,19446,0,1594
Hoveton and Wroxham,East of England,Greater Anglia,HXM,134424,42896,81812,9716,0,1595
Whaley Bridge,East Midlands,Northern Trains,WBR,134408,23000,96484,14924,0,1596
Hinton Admiral,South East,South Western Railway,HNA,134158,40980,79390,13788,0,1597
Watlington,East of England,Govia Thameslink Railway (Great Northern),WTG,133888,35514,82920,15454,0,1598
South Wigston,East Midlands,East Midlands Railway,SWS,133846,50326,64442,19078,0,1599
Tywyn,Wales,TfW Rail,TYW,133700,50960,50472,32268,0,1600
Tenby,Wales,TfW Rail,TEN,133446,46098,87052,296,0,1601
Roydon,East of England,Greater Anglia,RYN,133388,64004,46732,22652,0,1602
Rowlands Castle,South East,South Western Railway,RLN,132580,25078,68568,38934,0,1603
Shawlands,Scotland,ScotRail,SHL,132560,45154,72440,14966,0,1604
Radley,South East,Great Western Railway,RAD,131590,34250,81092,16248,0,1605
Micheldever,South East,South Western Railway,MIC,131552,23824,75908,31820,0,1606
Farningham Road,South East,Southeastern,FNR,131516,51296,49888,30332,0,1607
Pitlochry,Scotland,ScotRail,PIT,131400,39704,90156,1540,0,1608
Forres,Scotland,ScotRail,FOR,131372,51610,75918,3844,0,1609
Nitshill,Scotland,ScotRail,NIT,131358,46838,61948,22572,0,1610
Severn Beach,South West,Great Western Railway,SVB,131212,85964,5088,40160,0,1611
Cooden Beach,South East,Govia Thameslink Railway (Southern),COB,131188,26002,85970,19216,0,1612
Lenham,South East,Southeastern,LEN,130998,34612,39410,56976,0,1613
Hale (Manchester),North West,Northern Trains,HAL,130750,38430,62414,29906,0,1614
Mountain Ash,Wales,TfW Rail,MTA,130748,100930,6324,23494,0,1615
Ashington,North East,Northern Trains,ASL,130630,15634,110532,4464,0,1616
Pembrey and Burry Port,Wales,TfW Rail,PBY,130610,55294,61332,13984,0,1617
Broadbottom,North West,Northern Trains,BDB,130298,54656,44872,30770,0,1618
Ryde Esplanade,South East,South Western Railway (Island Line),RYD,130196,22702,99290,8204,0,1619
Mosspark,Scotland,ScotRail,MPK,129970,43436,72346,14188,0,1620
Carmyle,Scotland,ScotRail,CML,129922,41972,66006,21944,0,1621
Dunfermline Queen Margaret,Scotland,ScotRail,DFL,129910,89434,27666,12810,0,1622
Beccles,East of England,Greater Anglia,BCC,129850,33684,88714,7452,0,1623
Needham Market,East of England,Greater Anglia,NMT,129588,53806,52828,22954,0,1624
Ryde Pier Head,South East,South Western Railway (Island Line),RYP,129184,23726,104070,1388,13968,1625
Harlech,Wales,TfW Rail,HRL,129000,24428,20432,84140,0,1626
Brandon,East of England,Greater Anglia,BND,128812,44948,72460,11404,0,1627
Shiplake,South East,Great Western Railway,SHI,128782,53000,55234,20548,0,1628
Chinley,East Midlands,Northern Trains,CLY,128746,44344,62612,21790,6524,1629
Hengoed,Wales,TfW Rail,HNG,128690,98766,5842,24082,0,1630
Machynlleth,Wales,TfW Rail,MCN,128212,50360,77002,850,68832,1631
Lytham,North West,Northern Trains,LTM,128104,18120,104320,5664,0,1632
Aylesbury Vale Parkway,South East,Chiltern Railways,AVP,127578,53494,41460,32624,0,1633
Annan,Scotland,ScotRail,ANN,127412,21466,103686,2260,0,1634
Pontypool and New Inn,Wales,TfW Rail,PPL,127216,71340,27622,28254,0,1635
West Kilbride,Scotland,ScotRail,WKB,126748,40096,77160,9492,0,1636
Woodmansterne,London,Govia Thameslink Railway (Southern),WME,126744,49028,64480,13236,0,1637
Grindleford,East Midlands,Northern Trains,GRN,126460,24402,98212,3846,0,1638
Appley Bridge,North West,Northern Trains,APB,126192,38156,61998,26038,0,1639
Epsom Downs,South East,Govia Thameslink Railway (Southern),EPD,125822,52018,56884,16920,0,1640
Newquay,South West,Great Western Railway,NQY,125534,2176,122712,646,0,1641
South Merton,London,Govia Thameslink Railway (Thameslink),SMO,125436,49524,53806,22106,0,1642
Treorchy,Wales,TfW Rail,TRY,125344,83802,5454,36088,0,1643
Llanharan,Wales,TfW Rail,LLR,125092,75740,29246,20106,0,1644
Halesworth,East of England,Greater Anglia,HAS,124996,32214,79382,13400,0,1645
Pye Corner,Wales,TfW Rail,PYE,124914,106638,3754,14522,0,1646
Kintore,Scotland,ScotRail,KTR,124436,59170,56154,9112,0,1647
Stonegate,South East,Southeastern,SOG,124278,29858,67386,27034,0,1648
Curriehill,Scotland,ScotRail,CUH,124218,67122,45958,11138,0,1649
Thanet Parkway,South East,Southeastern,THP,123724,21498,73594,28632,824,1650
Helsby,North West,TfW Rail,HSB,123710,50202,68862,4646,85005,1651
Aviemore,Scotland,ScotRail,AVM,123654,56280,65702,1672,60,1652
Thurston,East of England,Greater Anglia,TRS,123640,46786,59170,17684,0,1653
Church Stretton,West Midlands,TfW Rail,CTT,123462,56680,50662,16120,0,1654
Bloxwich North,West Midlands,West Midlands Trains (West Midlands Railway),BWN,123090,52246,60050,10794,0,1655
Dormans,South East,Govia Thameslink Railway (Southern),DMS,122678,40898,38236,43544,0,1656
Mansfield Woodhouse,East Midlands,East Midlands Railway,MSW,122546,64248,43140,15158,0,1657
Rhymney,Wales,TfW Rail,RHY,122510,87504,6672,28334,0,1658
Branchton,Scotland,ScotRail,BCN,122300,40722,63626,17952,0,1659
Sherburn-In-Elmet,Yorkshire and The Humber,Northern Trains,SIE,122098,19622,77642,24834,0,1660
Elmswell,East of England,Greater Anglia,ESW,121748,51500,51960,18288,0,1661
Cowdenbeath,Scotland,ScotRail,COW,121674,50392,63900,7382,0,1662
Shieldmuir,Scotland,ScotRail,SDM,121668,46096,59338,16234,0,1663
Kirkby-in-Ashfield,East Midlands,East Midlands Railway,KKB,121654,66020,34564,21070,0,1664
North Queensferry,Scotland,ScotRail,NQU,121520,48506,68202,4812,0,1665
Trefforest Estate,Wales,TfW Rail,TRE,121436,80412,3060,37964,0,1666
Gorebridge,Scotland,ScotRail,GBG,121090,58604,58148,4338,0,1667
Bagshot,South East,South Western Railway,BAG,120552,46294,62722,11536,0,1668
Darton,Yorkshire and The Humber,Northern Trains,DRT,120506,52292,36040,32174,0,1669
Poppleton,Yorkshire and The Humber,Northern Trains,POP,120380,19196,83370,17814,0,1670
Cranbrook (Devon),South West,South Western Railway,CBK,120374,19932,87746,12696,0,1671
Stockton,North East,Northern Trains,STK,120000,18154,92170,9676,0,1672
Rose Hill Marple,North West,Northern Trains,RSH,119744,60950,27158,31636,0,1673
Arnside,North West,Northern Trains,ARN,119618,14336,99846,5436,0,1674
Looe,South West,Great Western Railway,LOO,119600,53428,62454,3718,0,1675
Crews Hill,London,Govia Thameslink Railway (Great Northern),CWH,119492,36692,71908,10892,0,1676
Flixton,North West,Northern Trains,FLI,119346,58066,36416,24864,0,1677
Bare Lane,North West,Northern Trains,BAR,119252,15548,48230,55474,0,1678
Carfin,Scotland,ScotRail,CRF,118882,47094,58268,13520,0,1679
Blackpool Pleasure Beach,North West,Northern Trains,BPB,118576,10086,105864,2626,0,1680
Padgate,North West,Northern Trains,PDG,118198,55980,49234,12984,0,1681
Billingham,North East,Northern Trains,BIL,118110,18032,88020,12058,0,1682
Harwich International,East of England,Greater Anglia,HPQ,117528,40272,51634,25622,3,1683
Ruabon,Wales,TfW Rail,RUA,117454,54474,57300,5680,0,1684
Maryport,North West,Northern Trains,MRY,117158,25430,80506,11222,0,1685
Ford,South East,Govia Thameslink Railway (Southern),FOD,116966,38394,59348,19224,103334,1686
Aberdour,Scotland,ScotRail,AUR,116962,49830,62712,4420,0,1687
Maxwell Park,Scotland,ScotRail,MAX,116450,37862,64704,13884,0,1688
Waun-gron Park,Wales,TfW Rail,WNG,116002,91700,5146,19156,0,1689
Pershore,West Midlands,Great Western Railway,PSH,115878,30986,72102,12790,0,1690
Greenfaulds,Scotland,ScotRail,GRL,115778,42796,57280,15702,0,1691
Fort Matilda,Scotland,ScotRail,FTM,115730,35190,66108,14432,0,1692
Alsager,North West,East Midlands Railway,ASG,115024,73626,30088,11310,0,1693
Whyteleafe South,South East,Govia Thameslink Railway (Southern),WHS,114664,47500,51826,15338,0,1694
Pluckley,South East,Southeastern,PLC,114656,28206,53458,32992,0,1695
Newbury Racecourse,South East,Great Western Railway,NRC,114628,20894,82996,10738,0,1696
Burnley Central,North West,Northern Trains,BNC,114562,32664,57014,24884,6,1697
Bloxwich,West Midlands,West Midlands Trains (West Midlands Railway),BLX,114166,50958,58534,4674,0,1698
Summerston,Scotland,ScotRail,SUM,113996,37434,64830,11732,0,1699
Nelson,North West,Northern Trains,NEL,113780,41540,52084,20156,0,1700
Blackpool South,North West,Northern Trains,BPS,113644,11384,95764,6496,0,1701
Culham,South East,Great Western Railway,CUM,113542,44336,31974,37232,0,1702
Haverfordwest,Wales,TfW Rail,HVF,113300,30978,82166,156,0,1703
Honeybourne,West Midlands,Great Western Railway,HYB,113180,27006,79120,7054,0,1704
Atherstone,West Midlands,West Midlands Trains (London Northwestern Railway),ATH,113120,39774,63384,9962,0,1705
Castle Bar Park,London,Great Western Railway,CBP,112884,47464,59200,6220,0,1706
Frant,South East,Southeastern,FRT,112566,26168,54320,32078,0,1707
Tonypandy,Wales,TfW Rail,TNP,112292,82866,5126,24300,0,1708
Sturry,South East,Southeastern,STU,112180,31458,51406,29316,0,1709
Hathersage,East Midlands,Northern Trains,HSG,112126,27618,82344,2164,0,1710
Wem,West Midlands,TfW Rail,WEM,112096,38612,56896,16588,0,1711
Harwich Town,East of England,Greater Anglia,HWC,112064,23464,52070,36530,0,1712
Wylam,North East,Northern Trains,WYM,110738,15644,80996,14098,0,1713
Wargrave,South East,Great Western Railway,WGV,110690,43486,44220,22984,0,1714
Busby,Scotland,ScotRail,BUS,110486,44076,57412,8998,0,1715
Bentley (Hampshire),South East,South Western Railway,BTY,109846,45894,39860,24092,0,1716
Airbles,Scotland,ScotRail,AIR,109620,40214,56388,13018,0,1717
Shepreth,East of England,Govia Thameslink Railway (Great Northern),STH,109514,33250,58616,17648,0,1718
Halling,South East,Southeastern,HAI,109218,30728,34616,43874,0,1719
Stratford-upon-Avon Parkway,West Midlands,West Midlands Trains (West Midlands Railway),STY,109072,46000,54684,8388,1258,1720
Glasshoughton,Yorkshire and The Humber,Northern Trains,GLH,108944,58758,36192,13994,0,1721
Marsh Barton,South West,Great Western Railway,MBT,108848,46292,51698,10858,0,1722
Ashchurch for Tewkesbury,South West,Great Western Railway,ASC,108740,37362,61724,9654,0,1723
Ashurst New Forest,South East,South Western Railway,ANF,108328,23068,66736,18524,0,1724
Denby Dale,Yorkshire and The Humber,Northern Trains,DBD,107738,23910,69018,14810,0,1725
Chestfield and Swalecliffe,South East,Southeastern,CSW,107718,23404,44452,39862,0,1726
Cleland,Scotland,ScotRail,CEA,107380,43460,54036,9884,0,1727
Seer Green and Jordans,South East,Chiltern Railways,SRG,107334,45092,36768,25474,0,1728
Starcross,South West,Great Western Railway,SCS,107218,59726,30392,17100,0,1729
Chirk,Wales,TfW Rail,CRK,106900,55094,45654,6152,0,1730
Weston Milton,South West,Great Western Railway,WNM,106898,54054,45904,6940,0,1731
Upper Halliford,South East,South Western Railway,UPH,106454,31988,43392,31074,0,1732
Redcar East,North East,Northern Trains,RCE,106420,18344,75676,12400,0,1733
Aylesham,South East,Southeastern,AYH,106320,33196,44688,28436,0,1734
Moston,North West,Northern Trains,MSO,105960,22370,68954,14636,0,1735
Reedham (London),London,Govia Thameslink Railway (Southern),RHM,105708,45904,44184,15620,0,1736
Fairwater,Wales,TfW Rail,FRW,105640,65158,3904,36578,0,1737
Ashburys,North West,Northern Trains,ABY,105284,31750,49114,24420,0,1738
Bryn,North West,Northern Trains,BYN,105238,42270,52838,10130,0,1739
Great Bentley,East of England,Greater Anglia,GRB,105230,26998,45460,32772,0,1740
Birkbeck,London,Govia Thameslink Railway (Southern),BIK,105178,47602,41252,16324,0,1741
Abergele and Pensarn,Wales,TfW Rail,AGL,104922,39838,59392,5692,0,1742
Plumpton,South East,Govia Thameslink Railway (Southern),PMP,104762,21314,64040,19408,0,1743
Gleneagles,Scotland,ScotRail,GLE,104594,31744,70336,2514,0,1744
Pyle,Wales,TfW Rail,PYL,104258,56688,35614,11956,0,1745
Blythe Bridge,West Midlands,East Midlands Railway,BYB,103852,46542,36268,21042,0,1746
Cattal,Yorkshire and The Humber,Northern Trains,CTL,103416,12932,67746,22738,0,1747
Brundall,East of England,Greater Anglia,BDA,103312,36128,59140,8044,1154,1748
Chartham,South East,Southeastern,CRT,102986,38498,46092,18396,0,1749
Barrow-Upon-Soar,East Midlands,East Midlands Railway,BWS,101842,44900,36116,20826,0,1750
Lymington Pier,South East,South Western Railway,LYP,100770,18244,69514,13012,0,1751
Porthmadog,Wales,TfW Rail,PTM,100700,37642,41510,21548,0,1752
Great Chesterford,East of England,Greater Anglia,GRC,100560,31688,41580,27292,0,1753
Langley Mill,East Midlands,East Midlands Railway,LGM,100238,59868,33002,7368,0,1754
Bedwyn,South West,Great Western Railway,BDW,99948,15066,62972,21910,0,1755
Craven Arms,West Midlands,TfW Rail,CRV,99908,41156,43326,15426,1368,1756
Allens West,North East,Northern Trains,ALW,99646,28410,53158,18078,0,1757
Stevenston,Scotland,ScotRail,STV,99624,31514,61006,7104,0,1758
Selling,South East,Southeastern,SEG,99572,41410,39608,18554,0,1759
Buxted,South East,Govia Thameslink Railway (Southern),BXD,99310,30856,44686,23768,0,1760
Cartsdyke,Scotland,ScotRail,CDY,99116,31392,55912,11812,0,1761
Foxton,East of England,Govia Thameslink Railway (Great Northern),FXN,98982,37420,40954,20608,0,1762
Harrietsham,South East,Southeastern,HRM,98904,24664,32596,41644,0,1763
Bargeddie,Scotland,ScotRail,BGI,98846,33510,50852,14484,0,1764
Parbold,North West,Northern Trains,PBL,98762,33604,45696,19462,0,1765
Wilnecote (Staffs),West Midlands,West Midlands Trains (West Midlands Railway),WNE,98734,63160,20760,14814,0,1766
Pontefract Tanshelf,Yorkshire and The Humber,Northern Trains,POT,98558,49450,36358,12750,0,1767
Pwllheli,Wales,TfW Rail,PWL,98420,28752,48586,21082,0,1768
Seaton Carew,North East,Northern Trains,SEC,98362,17948,67356,13058,0,1769
Hope (Derbyshire),East Midlands,Northern Trains,HOP,97946,25852,66848,5246,0,1770
Orrell,North West,Northern Trains,ORR,97674,35196,32548,29930,0,1771
Kinghorn,Scotland,ScotRail,KGH,97662,46044,45890,5728,0,1772
Coulsdon Town,London,Govia Thameslink Railway (Southern),CDN,97562,32982,54662,9918,0,1773
Fishersgate,South East,Govia Thameslink Railway (Southern),FSG,97326,34746,46782,15798,0,1774
Alresford (Essex),East of England,Greater Anglia,ALR,97088,24250,43452,29386,0,1775
Dorchester West,South West,Great Western Railway,DCW,96844,20828,73042,2974,0,1776
Navigation Road,North West,Northern Trains,NVR,96498,36836,40386,19276,0,1777
Blakedown,West Midlands,West Midlands Trains (West Midlands Railway),BKD,96472,24688,14422,57362,0,1778
Conisbrough,Yorkshire and The Humber,Northern Trains,CNS,96416,23182,61392,11842,0,1779
Haltwhistle,North East,Northern Trains,HWH,96252,15680,73882,6690,0,1780
Paisley St James,Scotland,ScotRail,PYJ,96238,34346,46176,15716,0,1781
Attenborough,East Midlands,East Midlands Railway,ATB,96094,65136,18652,12306,0,1782
Shalford (Surrey),South East,Great Western Railway,SFR,95490,39182,41518,14790,0,1783
Risca and Pontymister,Wales,TfW Rail,RCA,95416,71462,4334,19620,0,1784
Derby Road (Ipswich),East of England,Greater Anglia,DBR,95046,35344,50092,9610,0,1785
Dinas Powys,Wales,TfW Rail,DNS,94876,76294,7990,10592,0,1786
Weeton,Yorkshire and The Humber,Northern Trains,WET,94500,24084,57930,12486,0,1787
Ty Glas,Wales,TfW Rail,TGS,94494,66904,3084,24506,0,1788
Charing (Kent),South East,Southeastern,CHG,94218,29826,39792,24600,0,1789
Lostwithiel,South West,Great Western Railway,LOS,94184,23194,53572,17418,0,1790
Patchway,South West,Great Western Railway,PWY,94176,60062,26982,7132,0,1791
Llanhilleth,Wales,TfW Rail,LTH,94018,74280,7428,12310,0,1792
Saxilby,East Midlands,East Midlands Railway,SXY,93894,15022,71048,7824,0,1793
Cark and Cartmel,North West,Northern Trains,CAK,93858,16886,70610,6362,0,1794
Southminster,East of England,Greater Anglia,SMN,93504,29572,35720,28212,0,1795
East Malling,South East,Southeastern,EML,93032,25858,44820,22354,0,1796
Lympstone Village,South West,Great Western Railway,LYM,92994,52548,34146,6300,0,1797
Albrighton,West Midlands,West Midlands Trains (West Midlands Railway),ALB,92196,33308,35792,23096,0,1798
Ramsgreave and Wilpshire,North West,Northern Trains,RGW,91780,18086,49512,24182,0,1799
Templecombe,South West,South Western Railway,TMC,91732,16130,67396,8206,0,1800
Crosskeys,Wales,TfW Rail,CKY,91558,70316,3836,17406,0,1801
Minster,South East,Southeastern,MSR,91432,24668,41428,25336,1918,1802
Cooksbridge,South East,Govia Thameslink Railway (Southern),CBR,91322,36902,43930,10490,0,1803
Heswall,North West,TfW Rail,HSW,91244,19868,59008,12368,0,1804
Sholing,South East,South Western Railway,SHO,90740,30544,43634,16562,0,1805
Mallaig,Scotland,ScotRail,MLG,90476,45178,45298,0,0,1806
Tutbury and Hatton,East Midlands,East Midlands Railway,TUT,89778,35230,50292,4256,0,1807
Hamble,South East,South Western Railway,HME,89658,25934,36548,27176,0,1808
Amberley,South East,Govia Thameslink Railway (Southern),AMY,89218,25400,50444,13374,0,1809
Melton (Suffolk),East of England,Greater Anglia,MES,89082,26102,55204,7776,0,1810
Henley-In-Arden,West Midlands,West Midlands Trains (West Midlands Railway),HNL,88760,25550,32948,30262,0,1811
Brinnington,North West,Northern Trains,BNT,88708,23180,44634,20894,0,1812
Dinsdale,North East,Northern Trains,DND,88380,16082,54082,18216,0,1813
Caldicot,Wales,TfW Rail,CDT,87972,69492,12304,6176,0,1814
Possilpark and Parkhouse,Scotland,ScotRail,PPK,87906,33414,42672,11820,0,1815
Chipstead,South East,Govia Thameslink Railway (Southern),CHP,87736,39080,40608,8048,0,1816
Hattersley,North West,Northern Trains,HTY,87516,36584,30242,20690,0,1817
Laurencekirk,Scotland,ScotRail,LAU,87390,42536,34272,10582,0,1818
Rogerstone,Wales,TfW Rail,ROR,87268,68974,3430,14864,0,1819
Dinting,East Midlands,Northern Trains,DTG,87032,39978,25034,22020,0,1820
Lympstone Commando,South West,Great Western Railway,LYC,86996,25870,61106,20,0,1821
Ladybank,Scotland,ScotRail,LDY,86454,39494,43282,3678,4348,1822
Bedhampton,South East,South Western Railway,BDH,86206,26892,44174,15140,0,1823
Featherstone,Yorkshire and The Humber,Northern Trains,FEA,86004,37288,38094,10622,0,1824
Prestwick International Airport,Scotland,Glasgow Prestwick Airport Ltd,PRA,85954,60636,21436,3882,0,1825
Kirk Sandall,Yorkshire and The Humber,Northern Trains,KKS,85804,25246,37202,23356,0,1826
Maryhill,Scotland,ScotRail,MYH,85594,31200,38790,15604,0,1827
Stewartby,East of England,West Midlands Trains (London Northwestern Railway),SWR,84976,34702,8476,41798,0,1828
Longcross,South East,South Western Railway,LNG,84920,47980,29476,7464,0,1829
Barnhill,Scotland,ScotRail,BNL,84686,30686,40500,13500,0,1830
St Bees,North West,Northern Trains,SBS,84302,18464,53272,12566,0,1831
Ardrossan Harbour,Scotland,ScotRail,ADS,84144,53556,30236,352,0,1832
Bitterne,South East,South Western Railway,BTE,83962,26552,44280,13130,0,1833
Cuddington,North West,Northern Trains,CUD,83840,22226,48970,12644,0,1834
Danescourt,Wales,TfW Rail,DCT,83824,65136,4374,14314,0,1835
Conwy,Wales,TfW Rail,CNW,83682,35876,45086,2720,0,1836
Matlock Bath,East Midlands,East Midlands Railway,MTB,83590,19766,62464,1360,0,1837
Cheddington,South East,West Midlands Trains (London Northwestern Railway),CED,83010,31074,39428,12508,0,1838
Inverkip,Scotland,ScotRail,INP,82900,25332,46556,11012,0,1839
Hessle,Yorkshire and The Humber,Northern Trains,HES,82812,8070,66670,8072,0,1840
Shoreham (Kent),South East,Southeastern,SEH,82766,12536,62046,8184,0,1841
Eridge,South East,Govia Thameslink Railway (Southern),ERI,82636,32416,29442,20778,0,1842
Netley,South East,South Western Railway,NTL,82450,24370,44808,13272,0,1843
Thurnscoe,Yorkshire and The Humber,Northern Trains,THC,82394,37790,26994,17610,0,1844
Cosford,West Midlands,West Midlands Trains (West Midlands Railway),COS,82350,26064,41088,15198,0,1845
Kilmaurs,Scotland,ScotRail,KLM,82350,30124,46586,5640,0,1845
Colne,North West,Northern Trains,CNE,82154,26188,44600,11366,0,1847
Wraysbury,South East,South Western Railway,WRY,82070,24266,48254,9550,0,1848
Kings Sutton,East Midlands,Chiltern Railways,KGS,82030,29894,45002,7134,0,1849
St Andrews Road,South West,Great Western Railway,SAR,81974,40612,3190,38172,0,1850
Sea Mills,South West,Great Western Railway,SML,81946,58248,17418,6280,0,1851
Metheringham,East Midlands,East Midlands Railway,MGM,81930,48634,16374,16922,0,1852
Sandown,South East,South Western Railway (Island Line),SAN,81918,15978,51250,14690,0,1853
Rhiwbina,Wales,TfW Rail,RHI,81840,63210,5378,13252,0,1854
Ham Street,South East,Govia Thameslink Railway (Southern),HMT,81830,15496,45124,21210,0,1855
Sway,South East,South Western Railway,SWY,81398,19534,47698,14166,0,1856
Longton,West Midlands,East Midlands Railway,LGN,81226,46820,26652,7754,0,1857
Lye (West Midlands),West Midlands,West Midlands Trains (West Midlands Railway),LYE,81124,23100,30536,27488,0,1858
Whalley (Lancashire),North West,Northern Trains,WHE,81118,15620,52182,13316,0,1859
Energlyn and Churchill Park,Wales,TfW Rail,ECP,80900,57514,2188,21198,0,1860
Walsden,Yorkshire and The Humber,Northern Trains,WDN,80466,23354,38614,18498,0,1861
Newton-On-Ayr,Scotland,ScotRail,NOA,80008,32064,42156,5788,0,1862
Berwick (Sussex),South East,Govia Thameslink Railway (Southern),BRK,79434,16854,46384,16196,0,1863
Roose,North West,Northern Trains,ROO,79286,16282,49294,13710,0,1864
Longport,West Midlands,East Midlands Railway,LPT,79242,46108,18764,14370,0,1865
Ton Pentre,Wales,TfW Rail,TPN,79222,60990,3732,14500,0,1866
Bayford,East of England,Govia Thameslink Railway (Great Northern),BAY,78874,32534,40890,5450,0,1867
Moreton (Dorset),South West,South Western Railway,MTN,78828,14964,61892,1972,0,1868
Meols Cop,North West,Northern Trains,MEC,78640,34540,32818,11282,0,1869
Dalton (Cumbria),North West,Northern Trains,DLT,78420,14210,50524,13686,0,1870
Newton Aycliffe,North East,Northern Trains,NAY,78114,15722,49476,12916,0,1871
Chapel-En-Le-Frith,East Midlands,Northern Trains,CEF,77786,11854,59238,6694,0,1872
Bolton-Upon-Dearne,Yorkshire and The Humber,Northern Trains,BTD,77700,35432,27334,14934,0,1873
Corbridge,North East,Northern Trains,CRB,77068,9204,64828,3036,0,1874
Gilberdyke,Yorkshire and The Humber,Northern Trains,GBD,76958,8076,59996,8886,899,1875
Kilpatrick,Scotland,ScotRail,KPT,76814,25212,44340,7262,0,1876
Keith,Scotland,ScotRail,KEH,76798,35250,39574,1974,0,1877
Coryton,Wales,TfW Rail,COY,76514,49534,2838,24142,0,1878
Chatelherault,Scotland,ScotRail,CTE,76190,24312,39716,12162,0,1879
Dunlop,Scotland,ScotRail,DNL,76002,24102,43878,8022,0,1880
Morden South,London,Govia Thameslink Railway (Thameslink),MDS,75948,26394,31908,17646,0,1881
St Germans,South West,Great Western Railway,SGM,75942,7828,48534,19580,0,1882
Euxton Balshaw Lane,North West,Northern Trains,EBA,75928,21136,49970,4822,0,1883
Sandling,South East,Southeastern,SDG,75282,16718,45386,13178,0,1884
Kintbury,South East,Great Western Railway,KIT,75280,13804,47652,13824,0,1885
Howwood (Renfrewshire),Scotland,ScotRail,HOZ,75126,24316,39128,11682,0,1886
Bamber Bridge,North West,Northern Trains,BMB,75068,19684,37740,17644,0,1887
Shirebrook,East Midlands,East Midlands Railway,SHB,75060,40112,27664,7284,0,1888
Stow,Scotland,ScotRail,SOI,74988,33032,38456,3500,0,1889
Swaythling,South East,South Western Railway,SWG,74572,21564,42732,10276,0,1890
Layton (Lancs),North West,Northern Trains,LAY,74558,9122,56974,8462,0,1891
Merryton,Scotland,ScotRail,MEY,74472,25178,40076,9218,0,1892
Eccleston Park,North West,Northern Trains,ECL,74390,28536,32578,13276,0,1893
Godley,North West,Northern Trains,GDL,74244,30296,29374,14574,0,1894
Gathurst,North West,Northern Trains,GST,74078,30520,24356,19202,0,1895
Caldercruix,Scotland,ScotRail,CAC,73754,28296,37500,7958,0,1896
Hag Fold,North West,Northern Trains,HGF,73542,24006,36230,13306,0,1897
Rose Grove,North West,Northern Trains,RSG,73300,24294,30454,18552,5674,1898
Seaton Delaval,North East,Northern Trains,SEJ,73076,10426,59324,3326,0,1899
Bamford,East Midlands,Northern Trains,BAM,72778,15680,56412,686,0,1900
Goldthorpe,Yorkshire and The Humber,Northern Trains,GOE,72756,29894,23138,19724,0,1901
Bingham,East Midlands,East Midlands Railway,BIN,72680,22860,40222,9598,0,1902
Shawfair,Scotland,ScotRail,SFI,72472,33590,35512,3370,0,1903
Hatfield and Stainforth,Yorkshire and The Humber,Northern Trains,HFS,72000,13614,45868,12518,9174,1904
Oakengates,West Midlands,West Midlands Trains (West Midlands Railway),OKN,71964,21832,37608,12524,0,1905
Slateford,Scotland,ScotRail,SLA,71928,40116,28630,3182,0,1906
Bulwell,East Midlands,East Midlands Railway,BLW,71838,38792,19876,13170,0,1907
Wateringbury,South East,Southeastern,WTR,71746,20786,32140,18820,0,1908
Drumfrochar,Scotland,ScotRail,DFR,71638,23278,40144,8216,0,1909
Aldermaston,South East,Great Western Railway,AMT,71290,16572,46182,8536,0,1910
Kirknewton,Scotland,ScotRail,KKN,71168,36896,29594,4678,0,1911
Ruskington,East Midlands,East Midlands Railway,RKT,70984,53908,9558,7518,0,1912
Askam,North West,Northern Trains,ASK,70730,20604,40066,10060,0,1913
Shepherds Well,South East,Southeastern,SPH,70278,18242,30984,21052,0,1914
Saunderton,South East,Chiltern Railways,SDR,69922,46476,12524,10922,0,1915
North Fambridge,East of England,Greater Anglia,NFA,69574,29344,18350,21880,0,1916
Blaydon,North East,Northern Trains,BLO,69496,7948,51594,9954,0,1917
Bosham,South East,Govia Thameslink Railway (Southern),BOH,69330,21470,34504,13356,0,1918
Llanbradach,Wales,TfW Rail,LNB,69198,51268,2512,15418,0,1919
Kiveton Bridge,Yorkshire and The Humber,Northern Trains,KIV,69186,23102,38470,7614,0,1920
Caersws,Wales,TfW Rail,CWS,69134,19890,41800,7444,0,1921
Bedworth,West Midlands,West Midlands Trains (West Midlands Railway),BEH,69046,41330,18298,9418,0,1922
Hyde Central,North West,Northern Trains,HYC,68992,33838,17142,18012,0,1923
Glynde,South East,Govia Thameslink Railway (Southern),GLY,68736,22228,39074,7434,0,1924
Gilshochill,Scotland,ScotRail,GSC,68720,22278,38016,8426,0,1925
Darsham,East of England,Greater Anglia,DSM,68476,11200,54582,2694,0,1926
Portlethen,Scotland,ScotRail,PLN,68214,35232,25866,7116,0,1927
Martin Mill,South East,Southeastern,MTM,68058,9322,36314,22422,0,1928
Bursledon,South East,South Western Railway,BUO,68028,18012,41200,8816,0,1929
Fishbourne (Sussex),South East,Govia Thameslink Railway (Southern),FSB,67938,24526,29886,13526,0,1930
Godstone,South East,Govia Thameslink Railway (Southern),GDN,67778,18550,31656,17572,0,1931
Wickham Market,East of England,Greater Anglia,WCM,67636,18758,44396,4482,0,1932
Renton,Scotland,ScotRail,RTN,67362,21358,37030,8974,0,1933
East Linton,Scotland,ScotRail,ELT,66982,18288,47664,1030,0,1934
Nutbourne,South East,Govia Thameslink Railway (Southern),NUT,66914,18140,22700,26074,0,1935
Insch,Scotland,ScotRail,INS,66866,35666,24880,6320,0,1936
Duffield,East Midlands,East Midlands Railway,DFI,66536,32312,29106,5118,0,1937
Thorne South,Yorkshire and The Humber,Northern Trains,TNS,66512,22288,26576,17648,0,1938
Chilham,South East,Southeastern,CIL,66206,13082,34920,18204,0,1939
Hartlebury,West Midlands,West Midlands Trains (West Midlands Railway),HBY,66184,25958,10826,29400,0,1940
Soham,East of England,Greater Anglia,SOJ,65796,24938,33442,7416,0,1941
Huntly,Scotland,ScotRail,HNT,65636,33936,27138,4562,0,1942
Wythall,West Midlands,West Midlands Trains (West Midlands Railway),WYT,65636,18084,30188,17364,0,1942
Corkickle,North West,Northern Trains,CKL,65558,23868,25620,16070,0,1944
Market Rasen,East Midlands,East Midlands Railway,MKR,65162,19324,42892,2946,0,1945
Wigton,North West,Northern Trains,WGT,64902,10008,43696,11198,0,1946
Auchinleck,Scotland,ScotRail,AUK,64852,25620,35830,3402,0,1947
Watford North,East of England,West Midlands Trains (London Northwestern Railway),WFN,64798,11180,41968,11650,0,1948
Ashfield,Scotland,ScotRail,ASF,64718,24120,34874,5724,0,1949
Prestbury,North West,Northern Trains,PRB,64196,15740,43444,5012,0,1950
Kirkhill,Scotland,ScotRail,KKH,64162,19978,38566,5618,0,1951
Shirehampton,South West,Great Western Railway,SHH,63976,43908,11296,8772,0,1952
Manors,North East,Northern Trains,MAS,63914,11362,50782,1770,0,1953
Mistley,East of England,Greater Anglia,MIS,63776,15564,24140,24072,0,1954
Mount Vernon,Scotland,ScotRail,MTV,63544,22872,34086,6586,0,1955
Colwall,West Midlands,West Midlands Trains (West Midlands Railway),CWL,63456,22220,26530,14706,0,1956
Deighton,Yorkshire and The Humber,Northern Trains,DHN,63430,20448,28620,14362,0,1957
Appleby,North West,Northern Trains,APP,63348,8670,48820,5858,0,1958
Wrexham Central,Wales,TfW Rail,WXC,63048,45806,14560,2682,0,1959
Westenhanger,South East,Southeastern,WHA,62914,16788,25232,20894,0,1960
Marske,North East,Northern Trains,MSK,62908,10136,44138,8634,0,1961
Kirby Cross,East of England,Greater Anglia,KBX,62896,17060,29202,16634,0,1962
Wester Hailes,Scotland,ScotRail,WTA,62844,35532,23754,3558,0,1963
Shepley,Yorkshire and The Humber,Northern Trains,SPY,62316,19092,33038,10186,0,1964
Hollingbourne,South East,Southeastern,HBN,62252,15736,23302,23214,0,1965
Langbank,Scotland,ScotRail,LGB,62206,18788,34174,9244,0,1966
Wanborough,South East,South Western Railway,WAN,62150,26296,24832,11022,0,1967
Dingwall,Scotland,ScotRail,DIN,62120,43700,12840,5580,383,1968
Borth,Wales,TfW Rail,BRH,61940,37402,23562,976,0,1969
West Allerton,North West,Northern Trains,WSA,61846,25816,21514,14516,0,1970
Penrhyndeudraeth,Wales,TfW Rail,PRH,61622,9536,9672,42414,0,1971
Girvan,Scotland,ScotRail,GIR,61504,19724,38020,3760,0,1972
Barnetby,Yorkshire and The Humber,TransPennine Express,BTB,61434,7394,50552,3488,4740,1973
Dunkeld and Birnam,Scotland,ScotRail,DKD,61270,25912,34796,562,0,1974
Inverness Airport,Scotland,ScotRail,IVA,61166,44400,13960,2806,0,1975
Cuxton,South East,Southeastern,CUX,60952,27282,19022,14648,0,1976
Melksham,South West,Great Western Railway,MKM,60930,26582,29496,4852,0,1977
James Cook University Hospital,North East,Northern Trains,JCH,60804,11304,43690,5810,0,1978
Lostock Gralam,North West,Northern Trains,LTG,60696,14078,25946,20672,0,1979
Oulton Broad South,East of England,Greater Anglia,OUS,60488,19254,39236,1998,0,1980
Mill Hill (Lancs),North West,Northern Trains,MLH,60484,18458,30196,11830,0,1981
Shildon,North East,Northern Trains,SHD,60288,11666,43622,5000,0,1982
Merthyr Vale,Wales,TfW Rail,MEV,59920,40576,2212,17132,0,1983
Habrough,Yorkshire and The Humber,East Midlands Railway,HAB,59518,12564,40992,5962,586,1984
Nunthorpe,North East,Northern Trains,NNT,59464,12308,44684,2472,0,1985
Church and Oswaldtwistle,North West,Northern Trains,CTW,59450,18616,25560,15274,0,1986
Portway Park and Ride,South West,Great Western Railway,PRI,59376,43410,4920,11046,0,1987
Gomshall,South East,Great Western Railway,GOM,58620,15570,37098,5952,0,1988
Kelvindale,Scotland,ScotRail,KVD,58426,18744,27726,11956,0,1989
Longbeck,North East,Northern Trains,LGK,58346,12724,39074,6548,0,1990
Gorton,North West,Northern Trains,GTO,58130,24530,17784,15816,0,1991
Kempton Park Racecourse,South East,South Western Railway,KMP,58120,10796,45414,1910,0,1992
Kiveton Park,Yorkshire and The Humber,Northern Trains,KVP,58108,18190,34368,5550,0,1993
Halewood,North West,Northern Trains,HED,58030,17422,31994,8614,0,1994
Lochgelly,Scotland,ScotRail,LCG,57418,24982,29228,3208,0,1995
Dalston (Cumbria),North West,Northern Trains,DLS,57392,8084,30654,18654,0,1996
Delamere,North West,Northern Trains,DLM,57136,13130,40098,3908,0,1997
Trimley,East of England,Greater Anglia,TRM,57066,22708,24526,9832,0,1998
Sarn,Wales,TfW Rail,SRR,56976,43770,2794,10412,0,1999
Hammerton,Yorkshire and The Humber,Northern Trains,HMM,56850,8694,37784,10372,0,2000
Bottesford,East Midlands,East Midlands Railway,BTF,56560,26984,20620,8956,0,2001
Croston,North West,Northern Trains,CSO,56382,10864,42536,2982,0,2002
Milford Haven,Wales,TfW Rail,MFH,55930,19580,35880,470,0,2003
Ystrad Rhondda,Wales,TfW Rail,YSR,55836,42688,2562,10586,0,2004
Holmwood,South East,Govia Thameslink Railway (Southern),HLM,55806,21414,24686,9706,0,2005
Sole Street,South East,Southeastern,SOR,55630,16298,21236,18096,0,2006
Ferriby,Yorkshire and The Humber,Northern Trains,FRY,55512,6598,45254,3660,0,2007
Freshford,South West,Great Western Railway,FFD,55412,22558,24202,8652,0,2008
Lowdham,East Midlands,East Midlands Railway,LOW,55184,41024,8334,5826,0,2009
Acton Bridge (Cheshire),North West,West Midlands Trains (London Northwestern Railway),ACB,54980,30528,21944,2508,0,2010
Feniton,South West,South Western Railway,FNT,54896,9688,35820,9388,0,2011
Kearsley (Manchester),North West,Northern Trains,KSL,54888,13048,34610,7230,0,2012
Nutfield,South East,Govia Thameslink Railway (Southern),NUF,54730,21634,22514,10582,0,2013
Shireoaks,East Midlands,Northern Trains,SRO,54282,8240,38694,7348,0,2014
Umberleigh,South West,Great Western Railway,UMB,54078,14528,18378,21172,0,2015
Sudbury Hill Harrow,London,Chiltern Railways,SDH,53868,27700,23280,2888,0,2016
Kennett,East of England,Greater Anglia,KNE,53638,25062,19546,9030,0,2017
Upwey,South West,South Western Railway,UPW,53534,12976,38232,2326,17018,2018
Bures,East of England,Greater Anglia,BUE,53342,19378,23468,10496,0,2019
Ryde St Johns Road,South East,South Western Railway (Island Line),RYR,53256,9546,30838,12872,0,2020
Quakers Yard,Wales,TfW Rail,QYD,53228,43272,2456,7500,0,2021
Garston (Hertfordshire),East of England,West Midlands Trains (London Northwestern Railway),GSN,53142,11054,32490,9598,0,2022
Llwynypia,Wales,TfW Rail,LLY,53140,41160,2172,9808,0,2023
Birchgrove,Wales,TfW Rail,BCG,53024,39374,2542,11108,0,2024
Bruton,South West,Great Western Railway,BRU,53002,21692,29570,1740,0,2025
Cottingley,Yorkshire and The Humber,Northern Trains,COT,52858,19866,22784,10208,0,2026
Betws-y-Coed,Wales,TfW Rail,BYC,52838,24542,28260,36,0,2027
Eggesford,South West,Great Western Railway,EGG,52658,13528,20308,18822,0,2028
Carlton,East Midlands,East Midlands Railway,CTO,52580,23910,22464,6206,0,2029
Stocksfield,North East,Northern Trains,SKS,52404,8226,37520,6658,0,2030
South Greenford,London,Great Western Railway,SGN,52212,21594,27446,3172,0,2031
Blackridge,Scotland,ScotRail,BKR,51822,24306,22130,5386,0,2032
Gretna Green,Scotland,ScotRail,GEA,51464,14688,36174,602,0,2033
North Road (Darlington),North East,Northern Trains,NRD,51248,10982,31882,8384,0,2034
Whittlesea,East of England,Greater Anglia,WLE,51194,29264,17482,4448,0,2035
Bishopstone (Sussex),South East,Govia Thameslink Railway (Southern),BIP,51166,13900,34280,2986,0,2036
Cressing (Essex),East of England,Greater Anglia,CES,51142,17012,17652,16478,0,2037
Whimple,South West,South Western Railway,WHM,51140,9442,33980,7718,0,2038
Ashley Down,South West,Great Western Railway,ASD,50988,31980,18636,372,0,2039
Woodley,North West,Northern Trains,WLY,50970,26144,12142,12684,0,2040
Dunston,North East,Northern Trains,DOT,50828,4374,32904,13550,0,2041
Farnworth,North West,Northern Trains,FNW,50790,18964,25234,6592,0,2042
Burscough Junction,North West,Northern Trains,BCJ,50780,17368,30008,3404,0,2043
Glenrothes with Thornton,Scotland,ScotRail,GLT,50756,20530,28528,1698,0,2044
Wetheral,North West,Northern Trains,WRL,50658,5288,40824,4546,0,2045
Gunnislake,South West,Great Western Railway,GSL,50302,6230,36350,7722,0,2046
Tondu,Wales,TfW Rail,TDU,49950,40078,3054,6818,0,2047
Aberdovey,Wales,TfW Rail,AVY,49838,25664,24134,40,0,2048
Devonport,South West,Great Western Railway,DPT,49756,19302,16622,13832,0,2049
Cwmbach,Wales,TfW Rail,CMH,49736,38728,2350,8658,0,2050
Lingwood,East of England,Greater Anglia,LGD,49708,16514,24218,8976,0,2051
Cromford,East Midlands,East Midlands Railway,CMF,49680,17906,28912,2862,0,2052
Seascale,North West,Northern Trains,SSC,48928,10362,34448,4118,0,2053
Ansdell and Fairhaven,North West,Northern Trains,AFV,48776,10092,34018,4666,0,2054
Pemberton,North West,Northern Trains,PEM,48658,15530,22676,10452,0,2055
Woodhall,Scotland,ScotRail,WDL,48326,17824,22248,8254,0,2056
Silverdale,North West,Northern Trains,SVR,48316,6168,33692,8456,0,2057
Cowden (Kent),South East,Govia Thameslink Railway (Southern),CWN,48136,15452,22156,10528,0,2058
Dodworth,Yorkshire and The Humber,Northern Trains,DOD,47920,11194,31364,5362,0,2059
Acle,East of England,Greater Anglia,ACL,47882,16344,27576,3962,0,2060
Woburn Sands,South East,West Midlands Trains (London Northwestern Railway),WOB,47880,24594,14672,8614,0,2061
Wainfleet,East Midlands,East Midlands Railway,WFL,47824,31494,13784,2546,0,2062
Lockwood,Yorkshire and The Humber,Northern Trains,LCK,47656,9886,26246,11524,0,2063
Kearsney (Kent),South East,Southeastern,KSN,47626,17804,23040,6782,0,2064
Heath Low Level,Wales,TfW Rail,HLL,47556,35216,1610,10730,0,2065
Haydon Bridge,North East,Northern Trains,HDB,47444,5242,39176,3026,0,2066
Blaenau Ffestiniog,Wales,TfW Rail,BFF,47240,15904,31244,92,0,2067
Spondon,East Midlands,East Midlands Railway,SPO,47006,25034,12684,9288,0,2068
Water Orton,West Midlands,West Midlands Trains (West Midlands Railway),WTO,46796,37512,4936,4348,0,2069
Kyle Of Lochalsh,Scotland,ScotRail,KYL,46788,23836,22716,236,0,2070
Penshurst,South East,Govia Thameslink Railway (Southern),PHR,46678,10266,17140,19272,0,2071
Penrhiwceiber,Wales,TfW Rail,PER,46492,35204,1612,9676,0,2072
Pembroke Dock,Wales,TfW Rail,PMD,46394,18564,27630,200,0,2073
Chelford (Cheshire),North West,Northern Trains,CEL,46262,18184,22756,5322,0,2074
Hever,South East,Govia Thameslink Railway (Southern),HEV,46240,8666,28606,8968,0,2075
Fauldhouse,Scotland,ScotRail,FLD,46148,21532,22214,2402,0,2076
Dinas (Rhondda),Wales,TfW Rail,DMG,46050,37524,1980,6546,0,2077
Muir Of Ord,Scotland,ScotRail,MOO,46002,36036,7240,2726,0,2078
Cameron Bridge,Scotland,ScotRail,CBX,45796,18124,25142,2530,0,2079
Heyford,South East,Great Western Railway,HYD,45552,9430,26908,9214,0,2080
Heworth,North East,Northern Trains,HEW,45528,9112,29008,7408,0,2081
Honley,Yorkshire and The Humber,Northern Trains,HOY,45226,12684,20390,12152,0,2082
Coatbridge Central,Scotland,ScotRail,CBC,45164,19116,22682,3366,0,2083
Crowhurst,South East,Southeastern,CWU,45154,7686,21134,16334,0,2084
Dumpton Park,South East,Southeastern,DMP,45098,14980,18402,11716,0,2085
Whitland,Wales,TfW Rail,WTL,44580,13988,29450,1142,2752,2086
Trafford Park,North West,Northern Trains,TRA,44548,19212,17316,8020,0,2087
Hutton Cranswick,Yorkshire and The Humber,Northern Trains,HUT,44492,3268,33052,8172,0,2088
Fairbourne,Wales,TfW Rail,FRB,44390,20226,19680,4484,0,2089
Midgham,South East,Great Western Railway,MDG,44038,8292,28218,7528,0,2090
Gypsy Lane,North East,Northern Trains,GYP,44024,10534,30660,2830,0,2091
Buckley,Wales,TfW Rail,BCK,44006,37576,5360,1070,0,2092
Skewen,Wales,TfW Rail,SKE,43980,16412,21912,5656,0,2093
Hyde North,North West,Northern Trains,HYT,43946,21478,8450,14018,0,2094
Cardenden,Scotland,ScotRail,CDD,43222,19450,21614,2158,0,2095
Monifieth,Scotland,ScotRail,MON,43194,30718,11696,780,0,2096
Whinhill,Scotland,ScotRail,WNL,43124,13648,24406,5070,0,2097
Staveley (Cumbria),North West,Northern Trains,SVL,42876,3136,22680,17060,0,2098
Moorside,North West,Northern Trains,MSD,42856,11690,25392,5774,0,2099
Chassen Road,North West,Northern Trains,CSR,42472,21888,5998,14586,0,2100
Weeley,East of England,Greater Anglia,WEE,42386,12782,18622,10982,0,2101
Hellifield,Yorkshire and The Humber,Northern Trains,HLD,42272,2778,39136,358,766,2102
Yalding,South East,Southeastern,YAL,42188,11236,16400,14552,0,2103
Kingussie,Scotland,ScotRail,KIN,42058,22460,18294,1304,0,2104
Holton Heath,South West,South Western Railway,HOL,42058,20094,12012,9952,0,2104
Copplestone,South West,Great Western Railway,COP,41732,23576,7212,10944,0,2106
Briton Ferry,Wales,TfW Rail,BNF,41642,16134,22090,3418,0,2107
Reedham (Norfolk),East of England,Greater Anglia,REE,41566,11490,22172,7904,890,2108
Leigh (Kent),South East,Govia Thameslink Railway (Southern),LIH,41564,11220,14378,15966,0,2109
Perranwell,South West,Great Western Railway,PRW,41538,16656,17902,6980,0,2110
Dovey Junction,Wales,TfW Rail,DVY,41454,8204,33250,0,13454,2111
Rishton,North West,Northern Trains,RIS,41332,12066,25238,4028,0,2112
Bentham,Yorkshire and The Humber,Northern Trains,BEN,41208,4928,34364,1916,0,2113
Neston,North West,TfW Rail,NES,41204,33588,6914,702,0,2114
Troed-Y-Rhiw,Wales,TfW Rail,TRD,40862,30532,1534,8796,0,2115
Nafferton,Yorkshire and The Humber,Northern Trains,NFN,40808,3658,30774,6376,0,2116
Creswell,East Midlands,East Midlands Railway,CWD,40768,20606,13904,6258,0,2117
Ebbw Vale Parkway,Wales,TfW Rail,EBV,40736,31272,4498,4966,0,2118
Gargrave,Yorkshire and The Humber,Northern Trains,GGV,40672,8776,30296,1600,0,2119
Hunmanby,Yorkshire and The Humber,Northern Trains,HUB,40664,4154,31408,5102,0,2120
Woodhouse,Yorkshire and The Humber,Northern Trains,WDH,40388,14218,22636,3534,0,2121
Heckington,East Midlands,East Midlands Railway,HEC,40268,22534,14950,2784,0,2122
Dorking West,South East,Great Western Railway,DKT,40162,10950,23114,6098,0,2123
Willington,East Midlands,East Midlands Railway,WIL,40140,18198,19856,2086,0,2124
Goostrey,North West,Northern Trains,GTR,39526,13434,22902,3190,0,2125
Bere Alston,South West,Great Western Railway,BAS,39426,11280,20380,7766,0,2126
Islip,South East,Chiltern Railways,ISP,39188,14054,17004,8130,0,2127
Ambergate,East Midlands,East Midlands Railway,AMB,39004,16352,19016,3636,0,2128
East Farleigh,South East,Southeastern,EFL,38974,14080,15800,9094,0,2129
Calstock,South West,Great Western Railway,CSK,38968,6278,28604,4086,0,2130
Taynuilt,Scotland,ScotRail,TAY,38888,7312,3740,27836,0,2131
Ravenglass for Eskdale,North West,Northern Trains,RAV,38812,5206,30090,3516,0,2132
Llwyngwril,Wales,TfW Rail,LLW,38780,11358,11590,15832,0,2133
Llanfairpwll,Wales,TfW Rail,LPG,38650,14674,20970,3006,0,2134
Llansamlet,Wales,TfW Rail,LAS,38484,12906,22726,2852,0,2135
Trehafod,Wales,TfW Rail,TRH,38404,29116,1558,7730,0,2136
Lapworth,West Midlands,Chiltern Railways,LPW,38396,14050,14384,9962,0,2137
Dean (Wilts),South West,South Western Railway,DEN,38188,5850,25974,6364,0,2138
Fairlie,Scotland,ScotRail,FRL,38032,12496,22834,2702,0,2139
Brockholes,Yorkshire and The Humber,Northern Trains,BHS,37888,11078,23230,3580,0,2140
Bekesbourne,South East,Southeastern,BKS,37720,19542,12812,5366,0,2141
Llanfairfechan,Wales,TfW Rail,LLF,37652,13418,22958,1276,0,2142
Heighington,North East,Northern Trains,HEI,37274,8768,10276,18230,0,2143
Thurso,Scotland,ScotRail,THS,36980,20924,15464,592,0,2144
Moses Gate,North West,Northern Trains,MSS,36928,12048,17846,7034,0,2145
Langho,North West,Northern Trains,LHO,36914,7958,22430,6526,0,2146
Brierfield,North West,Northern Trains,BRF,36894,11548,17590,7756,0,2147
Criccieth,Wales,TfW Rail,CCC,36588,16832,18960,796,0,2148
Millbrook (Hants),South East,South Western Railway,MBK,36446,10124,19246,7076,0,2149
Harrington,North West,Northern Trains,HRR,36300,8706,20450,7144,0,2150
Gunton,East of England,Greater Anglia,GNT,36122,12264,21676,2182,0,2151
Talybont,Wales,TfW Rail,TLB,35872,18976,14910,1986,0,2152
Kirkby Stephen,North West,Northern Trains,KSW,35744,5060,30600,84,0,2153
Baglan,Wales,TfW Rail,BAJ,35200,15122,14952,5126,0,2154
Pembroke,Wales,TfW Rail,PMB,35106,13030,21876,200,0,2155
Maybole,Scotland,ScotRail,MAY,35058,12512,20826,1720,0,2156
Hatton,West Midlands,Chiltern Railways,HTN,34912,16306,8016,10590,0,2157
West Runton,East of England,Greater Anglia,WRN,34872,19708,14918,246,0,2158
Warblington,South East,Govia Thameslink Railway (Southern),WBL,34634,14676,15532,4426,0,2159
Kidwelly,Wales,TfW Rail,KWL,34566,9938,19606,5022,0,2160
Bow Street,Wales,TfW Rail,BOW,34538,16996,16790,752,0,2161
Kingsknowe,Scotland,ScotRail,KGE,34444,19166,14072,1206,0,2162
Ockley,South East,Govia Thameslink Railway (Southern),OLY,34176,16830,13740,3606,0,2163
Silkstone Common,Yorkshire and The Humber,Northern Trains,SLK,34104,9944,21932,2228,0,2164
Earlswood (West Midlands),West Midlands,West Midlands Trains (West Midlands Railway),EWD,33834,6536,20544,6754,0,2165
Cherry Tree,North West,Northern Trains,CYT,33742,8944,18062,6736,0,2166
Denham Golf Club,South East,Chiltern Railways,DGC,33726,9896,18644,5186,0,2167
Ribblehead,Yorkshire and The Humber,Northern Trains,RHD,33682,3944,29718,20,0,2168
Althorne (Essex),East of England,Greater Anglia,ALN,33650,13764,11578,8308,0,2169
Beauly,Scotland,ScotRail,BEL,33508,26894,4332,2282,0,2170
Redbridge,South East,South Western Railway,RDB,33394,10244,16974,6176,2375,2171
Riding Mill,North East,Northern Trains,RDM,33170,4500,25606,3064,0,2172
Barton-On-Humber,Yorkshire and The Humber,East Midlands Railway,BAU,33106,12000,19718,1388,0,2173
Chappel and Wakes Colne,East of England,Greater Anglia,CWC,32962,8188,18818,5956,0,2174
Bow Brickhill,South East,West Midlands Trains (London Northwestern Railway),BWB,32874,17938,5934,9002,0,2175
Newstead,East Midlands,East Midlands Railway,NSD,32816,20732,7430,4654,0,2176
Marton,North East,Northern Trains,MTO,32222,6272,23536,2414,0,2177
Dullingham,East of England,Greater Anglia,DUL,32026,14792,7318,9916,0,2178
Carstairs,Scotland,ScotRail,CRS,31886,14340,16018,1528,11793,2179
Aspatria,North West,Northern Trains,ASP,31666,6378,21442,3846,0,2180
Pontlottyn,Wales,TfW Rail,PLT,31640,22820,1326,7494,0,2181
Ravensthorpe,Yorkshire and The Humber,Northern Trains,RVN,31442,10788,13274,7380,0,2182
Lelant,South West,Great Western Railway,LEL,31072,540,30532,0,0,2183
Hawarden,Wales,TfW Rail,HWD,30564,24952,4008,1604,0,2184
Kents Bank,North West,Northern Trains,KBK,30544,4578,21866,4100,0,2185
Pentre-Bach,Wales,TfW Rail,PTB,30388,26084,1534,2770,0,2186
Llandrindod,Wales,TfW Rail,LLO,30278,12602,17636,40,0,2187
Stranraer,Scotland,ScotRail,STR,30196,13904,16264,28,0,2188
Humphrey Park,North West,Northern Trains,HUP,30068,15800,7088,7180,0,2189
Reston,Scotland,ScotRail,RSN,29896,5706,23710,480,0,2190
Burnley Barracks,North West,Northern Trains,BUB,29796,8124,17018,4654,0,2191
Manea,East of England,Greater Anglia,MNE,29708,13274,11830,4604,0,2192
South Bank,North East,Northern Trains,SBK,29630,9250,13084,7296,0,2193
Gwersyllt,Wales,TfW Rail,GWE,29408,21278,3842,4288,0,2194
Worstead,East of England,Greater Anglia,WRT,29316,12298,11660,5358,0,2195
How Wood (Hertfordshire),East of England,West Midlands Trains (London Northwestern Railway),HWW,29104,6822,20298,1984,0,2196
Appledore (Kent),South East,Govia Thameslink Railway (Southern),APD,29092,7922,16264,4906,0,2197
Bordesley,West Midlands,West Midlands Trains (West Midlands Railway),BBS,29062,2380,25252,1430,0,2198
Wildmill,Wales,TfW Rail,WMI,28878,18196,5614,5068,0,2199
Mottisfont and Dunbridge,South East,South Western Railway,DBG,28832,5570,17746,5516,0,2200
Penyffordd,Wales,TfW Rail,PNF,28554,25294,2384,876,0,2201
Bermuda Park,West Midlands,West Midlands Trains (West Midlands Railway),BEP,28434,16004,8172,4258,0,2202
Whatstandwell,East Midlands,East Midlands Railway,WTS,28430,7870,17772,2788,0,2203
Tir-Phil,Wales,TfW Rail,TIR,28360,21270,1018,6072,0,2204
Burneside (Cumbria),North West,Northern Trains,BUD,28192,1914,22134,4144,0,2205
Styal,North West,Northern Trains,SYA,28058,10882,12748,4428,0,2206
Ryder Brow,North West,Northern Trains,RRB,28052,5644,18958,3450,0,2207
Newhaven Harbour,South East,Govia Thameslink Railway (Southern),NVH,27934,7394,11086,9454,0,2208
Fiskerton,East Midlands,East Midlands Railway,FSK,27828,15822,8982,3024,0,2209
Ashurst (Kent),South East,Govia Thameslink Railway (Southern),AHS,27738,9842,8494,9402,0,2210
Upholland,North West,Northern Trains,UPL,27684,12208,11380,4096,0,2211
Llanrwst,Wales,TfW Rail,LWR,27604,14214,13390,0,0,2212
Squires Gate,North West,Northern Trains,SQU,27524,5866,18608,3050,0,2213
Chilworth,South East,Great Western Railway,CHL,27352,11184,12364,3804,0,2214
Fernhill,Wales,TfW Rail,FER,27334,23668,1094,2572,0,2215
Southease,South East,Govia Thameslink Railway (Southern),SEE,27332,9738,16796,798,0,2216
Bowling,Scotland,ScotRail,BWG,27310,9380,15632,2298,0,2217
Bogston,Scotland,ScotRail,BGS,27266,10186,14300,2780,0,2218
Sunnymeads,South East,South Western Railway,SNY,27266,8004,17638,1624,0,2218
Berry Brow,Yorkshire and The Humber,Northern Trains,BBW,27114,7590,11502,8022,0,2220
Bricket Wood,East of England,West Midlands Trains (London Northwestern Railway),BWO,27058,7022,18250,1786,0,2221
Wrabness,East of England,Greater Anglia,WRB,26698,8144,10712,7842,0,2222
Sanquhar,Scotland,ScotRail,SQH,26594,10196,15898,500,0,2223
Adisham,South East,Southeastern,ADM,26556,7854,10612,8090,0,2224
Rainford,North West,Northern Trains,RNF,26220,10030,15014,1176,0,2225
Fenny Stratford,South East,West Midlands Trains (London Northwestern Railway),FEN,26144,14876,7388,3880,0,2226
Fairfield,North West,Northern Trains,FRF,25986,12248,6778,6960,0,2227
Mouldsworth,North West,Northern Trains,MLD,25904,9186,14406,2312,0,2228
Furness Vale,East Midlands,Northern Trains,FNV,25792,4614,17692,3486,0,2229
Streethouse,Yorkshire and The Humber,Northern Trains,SHC,25606,11772,9912,3922,0,2230
Glazebrook,North West,Northern Trains,GLZ,25546,11542,11246,2758,0,2231
Tackley,South East,Great Western Railway,TAC,25334,4916,18226,2192,0,2232
Exton,South West,Great Western Railway,EXN,25256,18076,6202,978,0,2233
Avoncliff,South West,Great Western Railway,AVF,25078,12384,11002,1692,0,2234
Adlington (Cheshire),North West,Northern Trains,ADC,24710,6618,16748,1344,0,2235
Huncoat,North West,Northern Trains,HCT,24574,7422,10662,6490,0,2236
Rufford,North West,Northern Trains,RUF,24438,6426,16570,1442,0,2237
Lostock Hall,North West,Northern Trains,LOH,24366,6416,13824,4126,0,2238
Deganwy,Wales,TfW Rail,DGY,24334,10582,12112,1640,0,2239
Ammanford,Wales,TfW Rail,AMF,23694,11678,11950,66,0,2240
Bempton,Yorkshire and The Humber,Northern Trains,BEM,23682,2190,21442,50,0,2241
Invergordon,Scotland,ScotRail,IGD,23476,18746,2708,2022,0,2242
Hope (Flintshire),Wales,TfW Rail,HPE,23332,16582,2472,4278,0,2243
Tain,Scotland,ScotRail,TAI,23284,17958,4614,712,0,2244
Drayton Green,London,Great Western Railway,DRG,23270,9916,11830,1524,0,2245
Aslockton,East Midlands,East Midlands Railway,ALK,23218,11050,9790,2378,0,2246
Horton-In-Ribblesdale,Yorkshire and The Humber,Northern Trains,HIR,23176,3516,19660,0,0,2247
New Cumnock,Scotland,ScotRail,NCK,23022,7776,13944,1302,0,2248
Sudbury and Harrow Road,London,Chiltern Railways,SUD,22952,16764,3620,2568,0,2249
Stocksmoor,Yorkshire and The Humber,Northern Trains,SSM,22892,5708,11534,5650,0,2250
Whitchurch (Cardiff),Wales,TfW Rail,WHT,22818,17804,1398,3616,0,2251
Clunderwen,Wales,TfW Rail,CUW,22754,6370,16216,168,0,2252
Kirkby-In-Furness,North West,Northern Trains,KBF,22706,5344,14680,2682,0,2253
Battlesbridge,East of England,Greater Anglia,BLB,22560,9460,9038,4062,0,2254
Mobberley,North West,Northern Trains,MOB,22512,5618,12036,4858,0,2255
Narberth,Wales,TfW Rail,NAR,22492,6308,16158,26,0,2256
Normans Bay,South East,Govia Thameslink Railway (Southern),NSB,22490,6768,13992,1730,0,2257
Garth (Bridgend County),Wales,TfW Rail,GMG,22396,17812,1290,3294,0,2258
Upton (Merseyside),North West,TfW Rail,UPT,22192,15786,3558,2848,0,2259
Park Street,East of England,West Midlands Trains (London Northwestern Railway),PKT,22170,5574,14228,2368,0,2260
Darnall,Yorkshire and The Humber,Northern Trains,DAN,22132,7114,13242,1776,0,2261
Swinderby,East Midlands,East Midlands Railway,SWD,22092,16938,2606,2548,0,2262
Invergowrie,Scotland,ScotRail,ING,22066,14938,2974,4154,0,2263
Dyffryn Ardudwy,Wales,TfW Rail,DYF,21934,9916,9888,2130,0,2264
Maiden Newton,South West,Great Western Railway,MDN,21882,6270,15390,222,0,2265
Morchard Road,South West,Great Western Railway,MRD,21854,13346,4440,4068,0,2266
Westerfield,East of England,Greater Anglia,WFI,21666,10730,9766,1170,5891,2267
Valley,Wales,TfW Rail,VAL,21588,9732,8536,3320,0,2268
Dilton Marsh,South West,Great Western Railway,DMH,21574,8526,8100,4948,0,2269
Roughton Road,East of England,Greater Anglia,RNR,21340,9096,10206,2038,0,2270
Middlewood,North West,Northern Trains,MDL,21278,3962,15344,1972,0,2271
Monks Risborough,South East,Chiltern Railways,MRS,20538,7602,3510,9426,0,2272
Corrour,Scotland,ScotRail,CRR,20500,14418,6082,0,0,2273
Alness,Scotland,ScotRail,ASS,20482,16826,2902,754,0,2274
Arrochar and Tarbet,Scotland,ScotRail,ART,20438,16536,3412,490,0,2275
Cantley,East of England,Greater Anglia,CNY,20390,5324,8876,6190,0,2276
Langwathby,North West,Northern Trains,LGW,20288,1902,18064,322,0,2277
Entwistle,North West,Northern Trains,ENT,19988,2188,15936,1864,0,2278
Yeoford,South West,Great Western Railway,YEO,19890,14412,3258,2220,0,2279
Beaulieu Road,South East,South Western Railway,BEU,19838,2120,17522,196,0,2280
Lake,South East,South Western Railway (Island Line),LKE,19744,3922,14584,1238,0,2281
Penmaenmawr,Wales,TfW Rail,PMW,19668,7264,11078,1326,0,2282
Wilmcote,West Midlands,West Midlands Trains (West Midlands Railway),WMC,19570,6690,11490,1390,0,2283
Glaisdale,Yorkshire and The Humber,Northern Trains,GLS,19420,490,4738,14192,0,2284
Wootton Wawen,West Midlands,West Midlands Trains (West Midlands Railway),WWW,19398,4476,11464,3458,0,2285
Winchelsea,South East,Govia Thameslink Railway (Southern),WSE,19260,3394,12246,3620,0,2286
Knighton,West Midlands,TfW Rail,KNI,19208,9682,9026,500,0,2287
Kirkconnel,Scotland,ScotRail,KRK,18724,5986,11680,1058,0,2288
Connel Ferry,Scotland,ScotRail,CON,18594,3676,2424,12494,0,2289
Plumley,North West,Northern Trains,PLM,18548,6120,12306,122,0,2290
Lazonby and Kirkoswald,North West,Northern Trains,LZB,18548,2346,13412,2790,0,2290
Addiewell,Scotland,ScotRail,ADW,18496,7566,8764,2166,0,2292
Glenfinnan,Scotland,ScotRail,GLF,18274,11102,7172,0,0,2293
Fishguard and Goodwick,Wales,TfW Rail,FGW,18262,3124,15096,42,0,2294
Long Preston,Yorkshire and The Humber,Northern Trains,LPR,18214,3948,12790,1476,460,2295
Minffordd,Wales,TfW Rail,MFF,18174,3954,4132,10088,0,2296
Thorntonhall,Scotland,ScotRail,THT,18166,7752,9458,956,0,2297
Pontefract Baghill,Yorkshire and The Humber,Northern Trains,PFR,18130,4370,12414,1346,0,2298
Brundall Gardens,East of England,Greater Anglia,BGA,17886,6588,9818,1480,0,2299
The Lakes (Warks),West Midlands,West Midlands Trains (West Midlands Railway),TLK,17778,5604,7116,5058,0,2300
Garelochhead,Scotland,ScotRail,GCH,17740,11558,6080,102,0,2301
Ridgmont,East of England,West Midlands Trains (London Northwestern Railway),RID,17682,8934,5446,3302,0,2302
Maesteg (Ewenny Road),Wales,TfW Rail,MEW,17476,13654,1400,2422,0,2303
Kilgetty,Wales,TfW Rail,KGT,17452,5192,12010,250,0,2304
Flimby,North West,Northern Trains,FLM,17316,3472,10214,3630,0,2305
Ardrossan Town,Scotland,ScotRail,ADN,17108,4974,10110,2024,0,2306
Brading,South East,South Western Railway (Island Line),BDN,17080,3256,12130,1694,0,2307
Garsdale,North West,Northern Trains,GSD,17054,2968,14086,0,0,2308
Kemsing,South East,Southeastern,KMS,16834,6846,4866,5122,0,2309
Lidlington,East of England,West Midlands Trains (London Northwestern Railway),LID,16576,6522,5874,4180,0,2310
Ulleskelf,Yorkshire and The Humber,Northern Trains,ULL,16502,3406,11292,1804,0,2311
Ferryside,Wales,TfW Rail,FYS,16476,5128,10690,658,0,2312
Blair Atholl,Scotland,ScotRail,BLA,16446,8368,7886,192,0,2313
Crianlarich,Scotland,ScotRail,CNR,16156,10618,5538,0,4000,2314
Keyham,South West,Great Western Railway,KEY,16126,6844,6066,3216,0,2315
Wick,Scotland,ScotRail,WCK,16046,9892,5654,500,0,2316
Brampton (Cumbria),North West,Northern Trains,BMP,15976,1568,14312,96,0,2317
Llandeilo,Wales,TfW Rail,LLL,15906,8654,7242,10,0,2318
Wood End,West Midlands,West Midlands Trains (West Midlands Railway),WDE,15744,5188,4722,5834,0,2319
Newsham,North East,Northern Trains,NWH,15576,1832,12688,1056,0,2320
Giggleswick,Yorkshire and The Humber,Northern Trains,GIG,15486,3536,10766,1184,0,2321
Grosmont,Yorkshire and The Humber,Northern Trains,GMT,15484,988,10858,3638,0,2322
Three Oaks,South East,Govia Thameslink Railway (Southern),TOK,15482,3734,7978,3770,0,2323
Belle Vue,North West,Northern Trains,BLV,15288,3718,7656,3914,0,2324
Hartwood,Scotland,ScotRail,HTW,15140,5480,7524,2136,0,2325
Dockyard (Devonport),South West,Great Western Railway,DOC,15102,6498,5544,3060,0,2326
Haddiscoe,East of England,Greater Anglia,HAD,14758,5752,7296,1710,0,2327
Caergwrle,Wales,TfW Rail,CGW,14738,11860,2070,808,0,2328
Crowle,Yorkshire and The Humber,Northern Trains,CWE,14622,4706,7126,2790,0,2329
Bere Ferrers,South West,Great Western Railway,BFE,14614,2296,8766,3552,0,2330
Llanbedr,Wales,TfW Rail,LBR,14612,6866,6746,1000,0,2331
Foxfield,North West,Northern Trains,FOX,14572,2544,10416,1612,0,2332
Beltring,South East,Southeastern,BEG,14532,6432,5366,2734,0,2333
Brampton (Suffolk),East of England,Greater Anglia,BRP,14508,3678,8248,2582,0,2334
Betchworth,South East,Great Western Railway,BTO,14482,4630,9364,488,0,2335
Salhouse,East of England,Greater Anglia,SAH,14372,3182,10212,978,0,2336
Rhosneigr,Wales,TfW Rail,RHO,14042,6452,6362,1228,0,2337
Bootle (Cumbria),North West,Northern Trains,BOC,13844,3512,8354,1978,0,2338
Radcliffe (Nottinghamshire),East Midlands,East Midlands Railway,RDF,13844,6086,6798,960,0,2338
Llandovery,Wales,TfW Rail,LLV,13702,8242,5460,0,0,2340
Dalmally,Scotland,ScotRail,DAL,13690,2572,1594,9524,0,2341
Strines,North West,Northern Trains,SRN,13686,3032,7572,3082,0,2342
Great Ayton,Yorkshire and The Humber,Northern Trains,GTA,13508,1434,12050,24,0,2343
Morfa Mawddach,Wales,TfW Rail,MFA,13508,5806,7002,700,0,2343
Burton Joyce,East Midlands,East Midlands Railway,BUJ,13392,7892,4398,1102,0,2345
Hapton,North West,Northern Trains,HPN,13360,4234,7336,1790,0,2346
Armathwaite,North West,Northern Trains,AWT,13282,1080,10462,1740,0,2347
Brithdir,Wales,TfW Rail,BHD,13052,9044,392,3616,0,2348
Ince (Manchester),North West,Northern Trains,INC,12836,3372,7994,1470,0,2349
Heysham Port,North West,Northern Trains,HHB,12764,572,12192,0,0,2350
Parton,North West,Northern Trains,PRN,12556,3406,7244,1906,0,2351
Helensburgh Upper,Scotland,ScotRail,HLU,12520,3968,7264,1288,9926,2352
Somerleyton,East of England,Greater Anglia,SYT,11958,2890,8576,492,0,2353
St Budeaux Victoria Road,South West,Great Western Railway,SBV,11864,2964,5860,3040,0,2354
Conon Bridge,Scotland,ScotRail,CBD,11716,9446,1634,636,0,2355
Snowdown,South East,Southeastern,SWO,11674,3474,4830,3370,0,2356
Saundersfoot,Wales,TfW Rail,SDF,11452,3094,8318,40,0,2357
Wrenbury,North West,TfW Rail,WRE,11238,4928,5446,864,0,2358
Goxhill,Yorkshire and The Humber,East Midlands Railway,GOX,10864,3234,7460,170,0,2359
Whitwell (Derbyshire),East Midlands,East Midlands Railway,WWL,10686,5150,3890,1646,0,2360
Plockton,Scotland,ScotRail,PLK,10396,7996,2174,226,0,2361
Dove Holes,East Midlands,Northern Trains,DVH,10384,1680,7768,936,0,2362
New Holland,Yorkshire and The Humber,East Midlands Railway,NHL,10354,3652,5794,908,0,2363
Hawarden Bridge,Wales,TfW Rail,HWB,10230,7638,1690,902,0,2364
Egton,Yorkshire and The Humber,Northern Trains,EGT,10100,452,5342,4306,0,2365
Bardon Mill,North East,Northern Trains,BLL,10046,1416,8614,16,0,2366
Netherfield,East Midlands,East Midlands Railway,NET,10000,4834,2850,2316,0,2367
Manorbier,Wales,TfW Rail,MRB,9896,3620,6276,0,0,2368
Langwith-Whaley Thorns,East Midlands,East Midlands Railway,LAG,9816,5388,3114,1314,0,2369
Kempston Hardwick,East of England,West Midlands Trains (London Northwestern Railway),KMH,9782,5422,2734,1626,0,2370
Pleasington,North West,Northern Trains,PLS,9764,2132,7234,398,0,2371
Warnham,South East,Govia Thameslink Railway (Southern),WNH,9706,3842,3728,2136,0,2372
Clapham (North Yorkshire),Yorkshire and The Humber,Northern Trains,CPY,9690,2368,7290,32,0,2373
Fishguard Harbour,Wales,TfW Rail,FGH,9606,1112,8494,0,0,2374
Dent,North West,Northern Trains,DNT,9598,1118,8480,0,0,2375
Faygate,South East,Govia Thameslink Railway (Southern),FGT,9478,5176,1334,2968,0,2376
Prees,West Midlands,TfW Rail,PRS,9328,2276,3842,3210,0,2377
Millbrook (Bedfordshire),East of England,West Midlands Trains (London Northwestern Railway),MLB,9282,4918,3402,962,0,2378
Appleford,South East,Great Western Railway,APF,9074,3316,4046,1712,0,2379
Johnston (Pembs),Wales,TfW Rail,JOH,9062,3676,5354,32,0,2380
Smallbrook Junction,South East,South Western Railway (Island Line),SAB,8978,932,8046,0,0,2381
Penally,Wales,TfW Rail,PNA,8964,2940,6024,0,0,2382
Little Kimble,South East,Chiltern Railways,LTK,8926,5184,2330,1412,0,2383
Penychain,Wales,TfW Rail,PNC,8892,3852,5040,0,0,2384
Ashley,North West,Northern Trains,ASY,8648,2946,5006,696,0,2385
Llandybie,Wales,TfW Rail,LLI,8604,4524,3958,122,0,2386
Yorton,West Midlands,TfW Rail,YRT,8554,4738,3670,146,0,2387
Cefn-Y-Bedd,Wales,TfW Rail,CYB,8550,7058,982,510,0,2388
Danby,Yorkshire and The Humber,Northern Trains,DNY,8520,484,6436,1600,0,2389
Lapford,South West,Great Western Railway,LAP,8488,3624,1666,3198,0,2390
Newtonmore,Scotland,ScotRail,NWR,8454,5456,2978,20,0,2391
Aspley Guise,East of England,West Midlands Trains (London Northwestern Railway),APG,8300,4054,2692,1554,0,2392
Ty Croes,Wales,TfW Rail,TYC,8244,3172,2988,2084,0,2393
Penhelig,Wales,TfW Rail,PHG,8192,3910,4272,10,0,2394
Bridge Of Orchy,Scotland,ScotRail,BRO,7958,5538,2420,0,0,2395
Claverdon,West Midlands,West Midlands Trains (West Midlands Railway),CLV,7820,2848,1536,3436,0,2396
Rannoch,Scotland,ScotRail,RAN,7802,6072,1730,0,0,2397
Clarbeston Road,Wales,TfW Rail,CLR,7670,2270,5400,0,0,2398
White Notley,East of England,Greater Anglia,WNY,7660,2968,3212,1480,0,2399
Newton St Cyres,South West,Great Western Railway,NTC,7648,5488,1574,586,0,2400
Silecroft,North West,Northern Trains,SIC,7644,1238,5806,600,0,2401
Bleasby,East Midlands,East Midlands Railway,BSB,7552,6114,1076,362,0,2402
Spean Bridge,Scotland,ScotRail,SBR,7516,5518,1998,0,0,2403
Green Road,North West,Northern Trains,GNR,7480,1668,4060,1752,0,2404
Bodorgan,Wales,TfW Rail,BOR,7414,3254,3426,734,0,2405
Swale,South East,Southeastern,SWL,7300,3438,1912,1950,0,2406
Glan Conwy,Wales,TfW Rail,GCW,7148,3140,3360,648,0,2407
Yetminster,South West,Great Western Railway,YET,7088,2460,4528,100,0,2408
Drigg,North West,Northern Trains,DRI,7076,1610,4020,1446,0,2409
Carrbridge,Scotland,ScotRail,CAG,7020,4780,2240,0,0,2410
Lealholm,Yorkshire and The Humber,Northern Trains,LHM,6868,234,3370,3264,0,2411
Sleights,Yorkshire and The Humber,Northern Trains,SLH,6848,638,6210,0,0,2412
Banavie,Scotland,ScotRail,BNV,6796,4342,2454,0,0,2413
Healing,Yorkshire and The Humber,East Midlands Railway,HLI,6680,2930,3644,106,0,2414
Castleton Moor,Yorkshire and The Humber,Northern Trains,CSM,6668,840,5818,10,0,2415
Wennington,North West,Northern Trains,WNN,6632,830,5554,248,0,2416
Strathcarron,Scotland,ScotRail,STC,6620,4550,1998,72,0,2417
Bugle,South West,Great Western Railway,BGL,6528,1146,5020,362,0,2418
Kings Nympton,South West,Great Western Railway,KGN,6498,992,1978,3528,0,2419
Pontarddulais,Wales,TfW Rail,PTD,6412,2606,3692,114,0,2420
Dolwyddelan,Wales,TfW Rail,DWD,6412,2938,3382,92,0,2420
Great Coates,Yorkshire and The Humber,East Midlands Railway,GCT,6340,3180,2836,324,0,2422
Menheniot,South West,Great Western Railway,MEN,6232,1660,3174,1398,0,2423
Danzey,West Midlands,West Midlands Trains (West Midlands Railway),DZY,6170,3206,2824,140,0,2424
Loch Awe,Scotland,ScotRail,LHA,6166,3766,1266,1134,0,2425
Stallingborough,Yorkshire and The Humber,East Midlands Railway,SLL,6166,2248,3878,40,0,2425
Llandanwg,Wales,TfW Rail,LDN,6086,3248,2620,218,0,2427
Tyndrum Lower,Scotland,ScotRail,TYL,5986,4584,1160,242,0,2428
Breich,Scotland,ScotRail,BRC,5924,3282,2570,72,0,2429
Lamphey,Wales,TfW Rail,LAM,5862,2206,3656,0,0,2430
Pevensey Bay,South East,Govia Thameslink Railway (Southern),PEB,5848,780,1250,3818,0,2431
Brora,Scotland,ScotRail,BRA,5836,4570,1162,104,0,2432
Upper Tyndrum,Scotland,ScotRail,UTY,5760,4018,1504,238,2,2433
Ardgay,Scotland,ScotRail,ARD,5734,4434,850,450,0,2434
Builth Road,Wales,TfW Rail,BHR,5582,3098,2474,10,0,2435
Arisaig,Scotland,ScotRail,ARG,5572,4052,1520,0,0,2436
Ancaster,East Midlands,East Midlands Railway,ANC,5532,3668,1138,726,0,2437
Golspie,Scotland,ScotRail,GOL,5352,4320,938,94,0,2438
Llanwrtyd,Wales,TfW Rail,LNW,5300,2924,2376,0,0,2439
Loch Eil Outward Bound,Scotland,ScotRail,LHE,5294,4510,784,0,0,2440
Peartree,East Midlands,East Midlands Railway,PEA,5256,4274,406,576,0,2441
Roche,South West,Great Western Railway,ROC,5230,1396,3526,308,0,2442
Gilfach Fargoed,Wales,TfW Rail,GFF,5142,4018,296,828,0,2443
Rauceby,East Midlands,East Midlands Railway,RAU,5004,2276,284,2444,0,2444
Talsarnau,Wales,TfW Rail,TAL,4988,2976,2012,0,0,2445
Pantyffynnon,Wales,TfW Rail,PTF,4910,2198,2702,10,0,2446
Moss Side,North West,Northern Trains,MOS,4778,1162,3616,0,0,2447
Rolleston,East Midlands,East Midlands Railway,ROL,4602,3324,778,500,0,2448
St Budeaux Ferry Road,South West,Great Western Railway,SBF,4484,1056,2682,746,0,2449
Ulceby,Yorkshire and The Humber,East Midlands Railway,ULC,4480,1882,2598,0,0,2450
North Llanrwst,Wales,TfW Rail,NLR,4392,2230,2142,20,0,2451
Llangennech,Wales,TfW Rail,LLH,4322,1988,2314,20,0,2452
Morar,Scotland,ScotRail,MRR,4290,2972,1318,0,0,2453
Helmsdale,Scotland,ScotRail,HMS,4242,2980,1178,84,0,2454
Knucklas,Wales,TfW Rail,KNU,4156,2614,1542,0,0,2455
Ruswarp,Yorkshire and The Humber,Northern Trains,RUS,4112,310,3782,20,0,2456
Ardlui,Scotland,ScotRail,AUI,4050,3172,878,0,0,2457
Llangadog,Wales,TfW Rail,LLG,4016,2532,1484,0,0,2458
Ffairfach,Wales,TfW Rail,FFA,3992,2546,1446,0,0,2459
Lairg,Scotland,ScotRail,LRG,3978,2848,1130,0,0,2460
Garve,Scotland,ScotRail,GVE,3964,1730,1294,940,0,2461
Shipton,South East,Great Western Railway,SIP,3904,1204,1878,822,0,2462
Barrhill,Scotland,ScotRail,BRL,3878,1538,2286,54,0,2463
Bucknell,West Midlands,TfW Rail,BUK,3858,2034,1340,484,0,2464
Llanaber,Wales,TfW Rail,LLA,3844,1842,1982,20,0,2465
Althorpe,Yorkshire and The Humber,Northern Trains,ALP,3816,1590,2178,48,0,2466
Fearn,Scotland,ScotRail,FRN,3780,2880,508,392,0,2467
Corpach,Scotland,ScotRail,CPA,3776,2608,1136,32,0,2468
Grimsby Docks,Yorkshire and The Humber,East Midlands Railway,GMD,3676,1426,1380,870,0,2469
Dolgarrog,Wales,TfW Rail,DLG,3588,1912,1656,20,0,2470
Abererch,Wales,TfW Rail,ABH,3552,1744,1808,0,0,2471
New Clee,Yorkshire and The Humber,East Midlands Railway,NCE,3550,960,984,1606,0,2472
St Columb Road,South West,Great Western Railway,SCR,3542,920,2572,50,0,2473
Quintrell Downs,South West,Great Western Railway,QUI,3514,950,2564,0,0,2474
Eastrington,Yorkshire and The Humber,Northern Trains,EGN,3378,0,3378,0,0,2475
Dalwhinnie,Scotland,ScotRail,DLW,3356,2300,1056,0,0,2476
Achnasheen,Scotland,ScotRail,ACN,3340,2128,1120,92,0,2477
Roy Bridge,Scotland,ScotRail,RYB,3332,2486,846,0,0,2478
Thurgarton,East Midlands,East Midlands Railway,THU,3204,2320,202,682,0,2479
Luxulyan,South West,Great Western Railway,LUX,3196,1044,2152,0,0,2480
Tal-y-Cafn,Wales,TfW Rail,TLC,2972,1920,1052,0,0,2481
Bynea,Wales,TfW Rail,BYE,2716,958,1752,6,0,2482
Widdrington,North East,Northern Trains,WDD,2652,1282,1210,160,0,2483
Chetnole,South West,Great Western Railway,CNO,2638,1064,1574,0,0,2484
Bearley,West Midlands,West Midlands Trains (West Midlands Railway),BER,2552,1466,974,112,0,2485
Ynyswen,Wales,TfW Rail,YNW,2538,1034,36,1468,0,2486
Battersby,Yorkshire and The Humber,Northern Trains,BTT,2524,102,2422,0,0,2487
Tonfanau,Wales,TfW Rail,TNF,2490,1060,1420,10,0,2488
Bescar Lane,North West,Northern Trains,BES,2442,1016,1394,32,0,2489
Lochailort,Scotland,ScotRail,LCL,2438,1716,722,0,0,2490
Gainsborough Central,East Midlands,Northern Trains,GNB,2372,814,1476,82,57,2491
Thornford,South West,Great Western Railway,THO,2312,502,1810,0,0,2492
Tulloch,Scotland,ScotRail,TUL,2252,1864,388,0,0,2493
Hopton Heath,West Midlands,TfW Rail,HPT,2230,900,840,490,0,2494
Llangammarch,Wales,TfW Rail,LLM,2156,1412,744,0,0,2495
New Lane,North West,Northern Trains,NLN,2140,692,1438,10,0,2496
Commondale,Yorkshire and The Humber,Northern Trains,COM,2120,176,1944,0,0,2497
Causeland,South West,Great Western Railway,CAU,2108,484,1572,52,0,2498
Georgemas Junction,Scotland,ScotRail,GGJ,1992,1286,706,0,0,2499
Falls Of Cruachan,Scotland,ScotRail,FOC,1782,1596,186,0,0,2500
Harling Road,East of England,Greater Anglia,HRD,1768,850,280,638,0,2501
Balmossie,Scotland,ScotRail,BSI,1708,1226,482,0,0,2502
Doleham,South East,Govia Thameslink Railway (Southern),DLH,1706,314,112,1280,0,2503
Broome,West Midlands,TfW Rail,BME,1682,934,748,0,0,2504
Kildale,Yorkshire and The Humber,Northern Trains,KLD,1672,82,1590,0,0,2505
Brigg,Yorkshire and The Humber,Northern Trains,BGG,1636,150,1486,0,0,2506
Pensarn (Gwynedd),Wales,TfW Rail,PES,1636,758,878,0,0,2506
Salwick,North West,Northern Trains,SLW,1624,824,302,498,0,2508
St Keyne Wishing Well Halt,South West,Great Western Railway,SKN,1586,1350,226,10,0,2509
Chathill,North East,Northern Trains,CHT,1580,616,788,176,0,2510
Saltmarshe,Yorkshire and The Humber,Northern Trains,SAM,1566,86,1480,0,0,2511
Forsinard,Scotland,ScotRail,FRS,1562,1018,544,0,0,2512
Dunrobin Castle,Scotland,ScotRail,DNO,1544,1116,428,0,0,2513
Eccles Road,East of England,Greater Anglia,ECS,1534,602,190,742,0,2514
Braystones,North West,Northern Trains,BYS,1472,118,1354,0,0,2515
Pegswood,North East,Northern Trains,PEG,1468,746,712,10,0,2516
Springfield,Scotland,ScotRail,SPF,1438,1104,334,0,0,2517
Nethertown,North West,Northern Trains,NRT,1334,128,1206,0,0,2518
Combe (Oxon),South East,Great Western Railway,CME,1326,858,174,294,0,2519
Broomfleet,Yorkshire and The Humber,Northern Trains,BMF,1300,140,1110,50,0,2520
Golf Street,Scotland,ScotRail,GOF,1292,808,280,204,0,2521
Ascott-Under-Wychwood,South East,Great Western Railway,AUW,1282,796,114,372,0,2522
Pen-Y-Bont (Mid Wales),Wales,TfW Rail,PNY,1264,682,582,0,0,2523
Snaith,Yorkshire and The Humber,Northern Trains,SNI,1254,1142,112,0,0,2524
Swineshead,East Midlands,East Midlands Railway,SWE,1232,470,224,538,0,2525
Llandecwyn,Wales,TfW Rail,LLC,1226,576,650,0,0,2526
Sankey For Penketh,North West,Northern Trains,SNK,1204,946,120,138,0,2527
Barrow Haven,Yorkshire and The Humber,East Midlands Railway,BAV,1194,452,742,0,0,2528
Cynghordy,Wales,TfW Rail,CYN,1188,802,386,0,0,2529
Llanwrda,Wales,TfW Rail,LNR,1186,730,456,0,0,2530
Finstock,South East,Great Western Railway,FIN,1136,970,126,40,0,2531
Stromeferry,Scotland,ScotRail,STF,1132,804,328,0,0,2532
Garth (Powys),Wales,TfW Rail,GTH,1118,362,756,0,0,2533
Clifton (Manchester),North West,Northern Trains,CLI,1102,530,280,292,0,2534
Tygwyn,Wales,TfW Rail,TYG,1092,472,620,0,0,2535
Rogart,Scotland,ScotRail,ROG,1084,834,250,0,0,2536
Cilmeri,Wales,TfW Rail,CIM,1066,568,498,0,0,2537
Wressle,Yorkshire and The Humber,Northern Trains,WRS,1064,48,1016,0,0,2538
Attadale,Scotland,ScotRail,ATT,1034,840,194,0,0,2539
Arram,Yorkshire and The Humber,Northern Trains,ARR,1030,88,870,72,0,2540
Pont-y-Pant,Wales,TfW Rail,PYP,994,458,536,0,0,2541
Llanbister Road,Wales,TfW Rail,LLT,990,612,378,0,0,2542
Sandplace,South West,Great Western Railway,SDP,966,702,264,0,0,2543
Lakenheath,East of England,Greater Anglia,LAK,920,556,356,8,0,2544
Duirinish,Scotland,ScotRail,DRN,904,642,262,0,0,2545
Havenhouse,East Midlands,East Midlands Railway,HVN,902,456,446,0,0,2546
Achnashellach,Scotland,ScotRail,ACH,890,662,228,0,0,2547
Whitley Bridge,Yorkshire and The Humber,Northern Trains,WBD,860,706,122,32,0,2548
Acklington,North East,Northern Trains,ACK,856,498,358,0,0,2549
Sugar Loaf,Wales,TfW Rail,SUG,842,0,842,0,0,2550
Dolau,Wales,TfW Rail,DOL,818,426,392,0,0,2551
Hoscar,North West,Northern Trains,HSC,802,186,566,50,0,2552
Berney Arms,East of England,Greater Anglia,BYA,802,384,416,2,0,2552
Thorpe Culvert,East Midlands,East Midlands Railway,TPC,788,534,234,20,0,2554
Hubberts Bridge,East Midlands,East Midlands Railway,HBB,764,472,292,0,0,2555
Llangynllo,Wales,TfW Rail,LGO,752,410,342,0,0,2556
Kirton Lindsey,Yorkshire and The Humber,Northern Trains,KTL,740,40,700,0,0,2557
Thornton Abbey,Yorkshire and The Humber,East Midlands Railway,TNA,724,262,462,0,0,2558
Spooner Row,East of England,Greater Anglia,SPN,686,352,136,198,0,2559
Lelant Saltings,South West,Great Western Railway,LTS,650,36,614,0,0,2560
Roman Bridge,Wales,TfW Rail,RMB,612,192,420,0,0,2561
Portsmouth Arms,South West,Great Western Railway,PMA,596,342,254,0,0,2562
Hensall,Yorkshire and The Humber,Northern Trains,HEL,580,536,44,0,0,2563
Achanalt,Scotland,ScotRail,AAT,550,454,96,0,0,2564
Locheilside,Scotland,ScotRail,LCS,462,320,142,0,0,2565
Barry Links,Scotland,ScotRail,BYL,450,372,78,0,0,2566
Lochluichart,Scotland,ScotRail,LCC,424,370,54,0,0,2567
Rawcliffe,Yorkshire and The Humber,Northern Trains,RWC,412,384,28,0,0,2568
Kinbrace,Scotland,ScotRail,KBC,406,318,88,0,0,2569
Invershin,Scotland,ScotRail,INH,362,262,100,0,0,2570
Duncraig,Scotland,ScotRail,DCG,354,312,42,0,0,2571
Culrain,Scotland,ScotRail,CUA,318,232,86,0,0,2572
Kildonan,Scotland,ScotRail,KIL,312,278,34,0,0,2573
Pilning,South West,Great Western Railway,PIL,294,102,182,10,0,2574
Buckenham,East of England,Greater Anglia,BUC,284,58,226,0,0,2575
Ardwick,North West,Northern Trains,ADK,262,184,62,16,0,2576
Beasdale,Scotland,ScotRail,BSL,230,138,92,0,0,2577
Scotscalder,Scotland,ScotRail,SCT,226,186,40,0,0,2578
Coombe Junction Halt,South West,Great Western Railway,COE,224,80,144,0,0,2579
Chapelton (Devon),South West,Great Western Railway,CPN,160,112,48,0,0,2580
Polesworth,West Midlands,West Midlands Trains (London Northwestern Railway),PSW,154,90,18,46,0,2581
Reddish South,North West,Northern Trains,RDS,102,40,62,0,0,2582
Denton,North West,Northern Trains,DTN,100,38,62,0,0,2583
Ince and Elton (Cheshire),North West,Northern Trains,INE,98,62,36,0,0,2584
Shippea Hill,East of England,Greater Anglia,SPP,76,62,14,0,0,2585
Elton and Orston,East Midlands,East Midlands Railway,ELO,68,50,18,0,0,2586
